<?xml version="1.0" encoding="UTF-8"?>
<metadata xml:lang="en"><Esri><CreaDate>20170803</CreaDate><CreaTime>11384800</CreaTime><ArcGISFormat>1.0</ArcGISFormat><SyncOnce>TRUE</SyncOnce><DataProperties><lineage><Process ToolSource="c:\arcgis10.3\desktop10.3\ArcToolbox\Toolboxes\Data Management Tools.tbx\CalculateField" Date="20170803" Time="113848">CalculateField subnatpov_recentyear_only_ver2 svyL1Cd 8 VB #</Process><Process ToolSource="c:\arcgis10.3\desktop10.3\ArcToolbox\Toolboxes\Data Management Tools.tbx\CalculateField" Date="20170803" Time="113942">CalculateField subnatpov_recentyear_only_ver2 svyL1Nm "Kidal" VB #</Process><Process ToolSource="c:\arcgis10.3\desktop10.3\ArcToolbox\Toolboxes\Data Management Tools.tbx\CalculateField" Date="20170803" Time="113948">CalculateField subnatpov_recentyear_only_ver2 prttyNm "Kidal" VB #</Process></lineage></DataProperties></Esri></metadata>
