<PAMDataset>
  <Metadata>
    <MDI key="DataType">Generic</MDI>
  </Metadata>
  <PAMRasterBand band="1">
    <Histograms>
      <HistItem>
        <HistMin>-0.5</HistMin>
        <HistMax>16.5</HistMax>
        <BucketCount>17</BucketCount>
        <IncludeOutOfRange>1</IncludeOutOfRange>
        <Approximate>0</Approximate>
        <HistCounts>0|11762|5017|74917|65879|61102|14075|36678|7762|3317|12839|3127|1456|4437|577|450|58</HistCounts>
      </HistItem>
    </Histograms>
    <GDALRasterAttributeTable>
      <FieldDefn index="0">
        <Name>Rowid</Name>
        <Type>0</Type>
        <Usage>0</Usage>
      </FieldDefn>
      <FieldDefn index="1">
        <Name>VALUE</Name>
        <Type>0</Type>
        <Usage>0</Usage>
      </FieldDefn>
      <FieldDefn index="2">
        <Name>COUNT</Name>
        <Type>0</Type>
        <Usage>0</Usage>
      </FieldDefn>
      <FieldDefn index="3">
        <Name>AGROECOLOG</Name>
        <Type>2</Type>
        <Usage>0</Usage>
      </FieldDefn>
      <Row index="0">
        <F>0</F>
        <F>1</F>
        <F>11762</F>
        <F></F>
      </Row>
      <Row index="1">
        <F>1</F>
        <F>2</F>
        <F>5017</F>
        <F>Subtropic - warm / arid</F>
      </Row>
      <Row index="2">
        <F>2</F>
        <F>3</F>
        <F>74917</F>
        <F>Tropic - warm / arid</F>
      </Row>
      <Row index="3">
        <F>3</F>
        <F>4</F>
        <F>65879</F>
        <F>Tropic - warm / semiarid</F>
      </Row>
      <Row index="4">
        <F>4</F>
        <F>5</F>
        <F>61102</F>
        <F>Tropic - warm / subhumid</F>
      </Row>
      <Row index="5">
        <F>5</F>
        <F>6</F>
        <F>14075</F>
        <F>Tropic - cool / subhumid</F>
      </Row>
      <Row index="6">
        <F>6</F>
        <F>7</F>
        <F>36678</F>
        <F>Tropic - warm / humid</F>
      </Row>
      <Row index="7">
        <F>7</F>
        <F>8</F>
        <F>7762</F>
        <F>Subtropic - cool / arid</F>
      </Row>
      <Row index="8">
        <F>8</F>
        <F>9</F>
        <F>3317</F>
        <F>Tropic - cool / arid</F>
      </Row>
      <Row index="9">
        <F>9</F>
        <F>10</F>
        <F>12839</F>
        <F>Tropic - cool / semiarid</F>
      </Row>
      <Row index="10">
        <F>10</F>
        <F>11</F>
        <F>3127</F>
        <F>Tropic - cool / humid</F>
      </Row>
      <Row index="11">
        <F>11</F>
        <F>12</F>
        <F>1456</F>
        <F>Subtropic - warm / semiarid</F>
      </Row>
      <Row index="12">
        <F>12</F>
        <F>13</F>
        <F>4437</F>
        <F>Subtropic - cool / semiarid</F>
      </Row>
      <Row index="13">
        <F>13</F>
        <F>14</F>
        <F>577</F>
        <F>Subtropic - cool / subhumid</F>
      </Row>
      <Row index="14">
        <F>14</F>
        <F>15</F>
        <F>450</F>
        <F>Subtropic - warm / subhumid</F>
      </Row>
      <Row index="15">
        <F>15</F>
        <F>16</F>
        <F>58</F>
        <F>Subtropic - warm / humid</F>
      </Row>
    </GDALRasterAttributeTable>
    <Metadata>
      <MDI key="STATISTICS_COVARIANCES">5.831222702640912</MDI>
      <MDI key="STATISTICS_EXCLUDEDVALUES"></MDI>
      <MDI key="STATISTICS_MAXIMUM">16</MDI>
      <MDI key="STATISTICS_MEAN">4.9510599664528</MDI>
      <MDI key="STATISTICS_MINIMUM">1</MDI>
      <MDI key="STATISTICS_SKIPFACTORX">1</MDI>
      <MDI key="STATISTICS_SKIPFACTORY">1</MDI>
      <MDI key="STATISTICS_STDDEV">2.4147924761024</MDI>
    </Metadata>
  </PAMRasterBand>
</PAMDataset>
