<PAMDataset>
  <Metadata>
    <MDI key="DataType">Generic</MDI>
  </Metadata>
  <PAMRasterBand band="1">
    <Histograms>
      <HistItem>
        <HistMin>-0.5</HistMin>
        <HistMax>10.5</HistMax>
        <BucketCount>11</BucketCount>
        <IncludeOutOfRange>1</IncludeOutOfRange>
        <Approximate>0</Approximate>
        <HistCounts>0|11762|19757|74917|65879|61102|14075|36678|3317|12839|3127</HistCounts>
      </HistItem>
    </Histograms>
    <GDALRasterAttributeTable>
      <FieldDefn index="0">
        <Name>Rowid</Name>
        <Type>0</Type>
        <Usage>0</Usage>
      </FieldDefn>
      <FieldDefn index="1">
        <Name>VALUE</Name>
        <Type>0</Type>
        <Usage>0</Usage>
      </FieldDefn>
      <FieldDefn index="2">
        <Name>COUNT</Name>
        <Type>0</Type>
        <Usage>0</Usage>
      </FieldDefn>
      <FieldDefn index="3">
        <Name>AGROECOLOG</Name>
        <Type>2</Type>
        <Usage>0</Usage>
      </FieldDefn>
      <Row index="0">
        <F>0</F>
        <F>1</F>
        <F>11762</F>
        <F></F>
      </Row>
      <Row index="1">
        <F>1</F>
        <F>2</F>
        <F>19757</F>
        <F>Sub-Tropical</F>
      </Row>
      <Row index="2">
        <F>2</F>
        <F>3</F>
        <F>74917</F>
        <F>Arid</F>
      </Row>
      <Row index="3">
        <F>3</F>
        <F>4</F>
        <F>65879</F>
        <F>Semi-Arid</F>
      </Row>
      <Row index="4">
        <F>4</F>
        <F>5</F>
        <F>61102</F>
        <F>Sub-Humid</F>
      </Row>
      <Row index="5">
        <F>5</F>
        <F>6</F>
        <F>14075</F>
        <F>Trp. Hld. Sub-Humid</F>
      </Row>
      <Row index="6">
        <F>6</F>
        <F>7</F>
        <F>36678</F>
        <F>Humid</F>
      </Row>
      <Row index="7">
        <F>7</F>
        <F>8</F>
        <F>3317</F>
        <F>Trp. Hld. Arid</F>
      </Row>
      <Row index="8">
        <F>8</F>
        <F>9</F>
        <F>12839</F>
        <F>Trp. Hld. Semi-Arid</F>
      </Row>
      <Row index="9">
        <F>9</F>
        <F>10</F>
        <F>3127</F>
        <F>Trp. Hld. Humid</F>
      </Row>
    </GDALRasterAttributeTable>
    <Metadata>
      <MDI key="STATISTICS_COVARIANCES">3.703647594167224</MDI>
      <MDI key="STATISTICS_EXCLUDEDVALUES"></MDI>
      <MDI key="STATISTICS_MAXIMUM">10</MDI>
      <MDI key="STATISTICS_MEAN">4.4804500202667</MDI>
      <MDI key="STATISTICS_MINIMUM">1</MDI>
      <MDI key="STATISTICS_SKIPFACTORX">1</MDI>
      <MDI key="STATISTICS_SKIPFACTORY">1</MDI>
      <MDI key="STATISTICS_STDDEV">1.9244863195583</MDI>
    </Metadata>
  </PAMRasterBand>
</PAMDataset>
