<PAMDataset>
  <Metadata>
    <MDI key="DataType">Generic</MDI>
  </Metadata>
  <PAMRasterBand band="1">
    <Histograms>
      <HistItem>
        <HistMin>-0.5</HistMin>
        <HistMax>7.5</HistMax>
        <BucketCount>8</BucketCount>
        <IncludeOutOfRange>1</IncludeOutOfRange>
        <Approximate>0</Approximate>
        <HistCounts>0|11762|19757|74917|65879|61102|33358|36678</HistCounts>
      </HistItem>
    </Histograms>
    <GDALRasterAttributeTable>
      <FieldDefn index="0">
        <Name>Rowid</Name>
        <Type>0</Type>
        <Usage>0</Usage>
      </FieldDefn>
      <FieldDefn index="1">
        <Name>VALUE</Name>
        <Type>0</Type>
        <Usage>0</Usage>
      </FieldDefn>
      <FieldDefn index="2">
        <Name>COUNT</Name>
        <Type>0</Type>
        <Usage>0</Usage>
      </FieldDefn>
      <FieldDefn index="3">
        <Name>AGROECOLOG</Name>
        <Type>2</Type>
        <Usage>0</Usage>
      </FieldDefn>
      <Row index="0">
        <F>0</F>
        <F>1</F>
        <F>11762</F>
        <F></F>
      </Row>
      <Row index="1">
        <F>1</F>
        <F>2</F>
        <F>19757</F>
        <F>Sub-Tropical</F>
      </Row>
      <Row index="2">
        <F>2</F>
        <F>3</F>
        <F>74917</F>
        <F>Arid</F>
      </Row>
      <Row index="3">
        <F>3</F>
        <F>4</F>
        <F>65879</F>
        <F>Semi-Arid</F>
      </Row>
      <Row index="4">
        <F>4</F>
        <F>5</F>
        <F>61102</F>
        <F>Sub-Humid</F>
      </Row>
      <Row index="5">
        <F>5</F>
        <F>6</F>
        <F>33358</F>
        <F>Tropical Highlands</F>
      </Row>
      <Row index="6">
        <F>6</F>
        <F>7</F>
        <F>36678</F>
        <F>Humid</F>
      </Row>
    </GDALRasterAttributeTable>
    <Metadata>
      <MDI key="STATISTICS_COVARIANCES">2.500695459097519</MDI>
      <MDI key="STATISTICS_EXCLUDEDVALUES"></MDI>
      <MDI key="STATISTICS_MAXIMUM">7</MDI>
      <MDI key="STATISTICS_MEAN">4.2904403647352</MDI>
      <MDI key="STATISTICS_MINIMUM">1</MDI>
      <MDI key="STATISTICS_SKIPFACTORX">1</MDI>
      <MDI key="STATISTICS_SKIPFACTORY">1</MDI>
      <MDI key="STATISTICS_STDDEV">1.5813587382683</MDI>
    </Metadata>
  </PAMRasterBand>
</PAMDataset>
