<PAMDataset>
  <Metadata>
    <MDI key="DataType">Generic</MDI>
  </Metadata>
  <Metadata domain="Esri">
    <MDI key="PyramidResamplingType">NEAREST</MDI>
  </Metadata>
  <PAMRasterBand band="1">
    <Metadata>
      <MDI key="STATISTICS_COVARIANCES">2195514.094226962</MDI>
      <MDI key="STATISTICS_MAXIMUM">17866.400390625</MDI>
      <MDI key="STATISTICS_MEAN">599.91852771308</MDI>
      <MDI key="STATISTICS_MINIMUM">0</MDI>
      <MDI key="STATISTICS_SKIPFACTORX">1</MDI>
      <MDI key="STATISTICS_SKIPFACTORY">1</MDI>
      <MDI key="STATISTICS_STDDEV">1481.7267272432</MDI>
    </Metadata>
  </PAMRasterBand>
</PAMDataset>
