<PAMDataset>
  <Metadata>
    <MDI key="DataType">Generic</MDI>
  </Metadata>
  <PAMRasterBand band="1">
    <Histograms>
      <HistItem>
        <HistMin>-0.5</HistMin>
        <HistMax>7.5</HistMax>
        <BucketCount>8</BucketCount>
        <IncludeOutOfRange>1</IncludeOutOfRange>
        <Approximate>0</Approximate>
        <HistCounts>0|15873|84570|38899|48559|71242|38009|6301</HistCounts>
      </HistItem>
    </Histograms>
    <GDALRasterAttributeTable>
      <FieldDefn index="0">
        <Name>Rowid</Name>
        <Type>0</Type>
        <Usage>0</Usage>
      </FieldDefn>
      <FieldDefn index="1">
        <Name>VALUE</Name>
        <Type>0</Type>
        <Usage>0</Usage>
      </FieldDefn>
      <FieldDefn index="2">
        <Name>COUNT</Name>
        <Type>0</Type>
        <Usage>0</Usage>
      </FieldDefn>
      <FieldDefn index="3">
        <Name>AGROECOLOG</Name>
        <Type>2</Type>
        <Usage>0</Usage>
      </FieldDefn>
      <Row index="0">
        <F>0</F>
        <F>1</F>
        <F>15873</F>
        <F></F>
      </Row>
      <Row index="1">
        <F>1</F>
        <F>2</F>
        <F>84570</F>
        <F>Arid</F>
      </Row>
      <Row index="2">
        <F>2</F>
        <F>3</F>
        <F>38899</F>
        <F>Dry semiarid</F>
      </Row>
      <Row index="3">
        <F>3</F>
        <F>4</F>
        <F>48559</F>
        <F>Moist semiarid</F>
      </Row>
      <Row index="4">
        <F>4</F>
        <F>5</F>
        <F>71242</F>
        <F>Subhumid</F>
      </Row>
      <Row index="5">
        <F>5</F>
        <F>6</F>
        <F>38009</F>
        <F>Humid</F>
      </Row>
      <Row index="6">
        <F>6</F>
        <F>7</F>
        <F>6301</F>
        <F>Perhumid</F>
      </Row>
    </GDALRasterAttributeTable>
    <Metadata>
      <MDI key="STATISTICS_COVARIANCES">2.549427736459618</MDI>
      <MDI key="STATISTICS_EXCLUDEDVALUES"></MDI>
      <MDI key="STATISTICS_MAXIMUM">7</MDI>
      <MDI key="STATISTICS_MEAN">3.7050778868556</MDI>
      <MDI key="STATISTICS_MINIMUM">1</MDI>
      <MDI key="STATISTICS_SKIPFACTORX">1</MDI>
      <MDI key="STATISTICS_SKIPFACTORY">1</MDI>
      <MDI key="STATISTICS_STDDEV">1.5966927495481</MDI>
    </Metadata>
  </PAMRasterBand>
</PAMDataset>
