<PAMDataset>
  <Metadata>
    <MDI key="DataType">Generic</MDI>
  </Metadata>
  <PAMRasterBand band="1">
    <Metadata>
      <MDI key="STATISTICS_COVARIANCES">223654.1372630391</MDI>
      <MDI key="STATISTICS_EXCLUDEDVALUES"></MDI>
      <MDI key="STATISTICS_MAXIMUM">4655</MDI>
      <MDI key="STATISTICS_MEAN">650.92713204351</MDI>
      <MDI key="STATISTICS_MINIMUM">-128</MDI>
      <MDI key="STATISTICS_SKIPFACTORX">1</MDI>
      <MDI key="STATISTICS_SKIPFACTORY">1</MDI>
      <MDI key="STATISTICS_STDDEV">472.92085729331</MDI>
    </Metadata>
  </PAMRasterBand>
</PAMDataset>
