<PAMDataset>
  <Metadata>
    <MDI key="DataType">Generic</MDI>
  </Metadata>
  <PAMRasterBand band="1">
    <Histograms>
      <HistItem>
        <HistMin>-0.5</HistMin>
        <HistMax>76.5</HistMax>
        <BucketCount>77</BucketCount>
        <IncludeOutOfRange>1</IncludeOutOfRange>
        <Approximate>0</Approximate>
        <HistCounts>0|244890|27500|1477|528|393|6707|935|6184|704|13|53|809|64|5172|2331|297|524|1116|30|174|485|24|4|8|255|29|26|117|91|81|11|14|148|50|5|1|128|110|1412|49|23|2|66|34|14|10|5|1|2|8|1|4|3|1|2|3|1|58|5|2|24|1|3|23|4|64|1|5|1|11|6|89|1|8|4|14</HistCounts>
      </HistItem>
    </Histograms>
    <GDALRasterAttributeTable>
      <FieldDefn index="0">
        <Name>Rowid</Name>
        <Type>0</Type>
        <Usage>0</Usage>
      </FieldDefn>
      <FieldDefn index="1">
        <Name>VALUE</Name>
        <Type>0</Type>
        <Usage>0</Usage>
      </FieldDefn>
      <FieldDefn index="2">
        <Name>COUNT</Name>
        <Type>0</Type>
        <Usage>0</Usage>
      </FieldDefn>
      <FieldDefn index="3">
        <Name>AGROECOLOG</Name>
        <Type>2</Type>
        <Usage>0</Usage>
      </FieldDefn>
      <Row index="0">
        <F>0</F>
        <F>1</F>
        <F>244890</F>
        <F></F>
      </Row>
      <Row index="1">
        <F>1</F>
        <F>2</F>
        <F>27500</F>
        <F>,Not Reported,</F>
      </Row>
      <Row index="2">
        <F>2</F>
        <F>3</F>
        <F>1477</F>
        <F>,II,Not Reported,</F>
      </Row>
      <Row index="3">
        <F>3</F>
        <F>4</F>
        <F>528</F>
        <F>,II,Not Applicable,Not Reported,</F>
      </Row>
      <Row index="4">
        <F>4</F>
        <F>5</F>
        <F>393</F>
        <F>,Not Applicable,</F>
      </Row>
      <Row index="5">
        <F>5</F>
        <F>6</F>
        <F>6707</F>
        <F>,IV,</F>
      </Row>
      <Row index="6">
        <F>6</F>
        <F>7</F>
        <F>935</F>
        <F>,IV,Not Reported,</F>
      </Row>
      <Row index="7">
        <F>7</F>
        <F>8</F>
        <F>6184</F>
        <F>,II,</F>
      </Row>
      <Row index="8">
        <F>8</F>
        <F>9</F>
        <F>704</F>
        <F>,Not Applicable,Not Reported,</F>
      </Row>
      <Row index="9">
        <F>9</F>
        <F>10</F>
        <F>13</F>
        <F>,II,Not Applicable,Not Reported,VI,</F>
      </Row>
      <Row index="10">
        <F>10</F>
        <F>11</F>
        <F>53</F>
        <F>,Not Applicable,Not Reported,VI,</F>
      </Row>
      <Row index="11">
        <F>11</F>
        <F>12</F>
        <F>809</F>
        <F>,Not Reported,VI,</F>
      </Row>
      <Row index="12">
        <F>12</F>
        <F>13</F>
        <F>64</F>
        <F>,II,Not Reported,VI,</F>
      </Row>
      <Row index="13">
        <F>13</F>
        <F>14</F>
        <F>5172</F>
        <F>,VI,</F>
      </Row>
      <Row index="14">
        <F>14</F>
        <F>15</F>
        <F>2331</F>
        <F>,II,Not Applicable,</F>
      </Row>
      <Row index="15">
        <F>15</F>
        <F>16</F>
        <F>297</F>
        <F>,II,IV,</F>
      </Row>
      <Row index="16">
        <F>16</F>
        <F>17</F>
        <F>524</F>
        <F>,II,VI,</F>
      </Row>
      <Row index="17">
        <F>17</F>
        <F>18</F>
        <F>1116</F>
        <F>,IV,Not Applicable,</F>
      </Row>
      <Row index="18">
        <F>18</F>
        <F>19</F>
        <F>30</F>
        <F>,Ia,IV,Not Applicable,</F>
      </Row>
      <Row index="19">
        <F>19</F>
        <F>20</F>
        <F>174</F>
        <F>,Ia,Not Applicable,</F>
      </Row>
      <Row index="20">
        <F>20</F>
        <F>21</F>
        <F>485</F>
        <F>,IV,Not Applicable,Not Reported,</F>
      </Row>
      <Row index="21">
        <F>21</F>
        <F>22</F>
        <F>24</F>
        <F>,Ia,IV,Not Applicable,Not Reported,</F>
      </Row>
      <Row index="22">
        <F>22</F>
        <F>23</F>
        <F>4</F>
        <F>,Ia,Not Applicable,Not Reported,</F>
      </Row>
      <Row index="23">
        <F>23</F>
        <F>24</F>
        <F>8</F>
        <F>,II,IV,Not Applicable,Not Reported,</F>
      </Row>
      <Row index="24">
        <F>24</F>
        <F>25</F>
        <F>255</F>
        <F>,V,</F>
      </Row>
      <Row index="25">
        <F>25</F>
        <F>26</F>
        <F>29</F>
        <F>,II,IV,Not Reported,</F>
      </Row>
      <Row index="26">
        <F>26</F>
        <F>27</F>
        <F>26</F>
        <F>,II,IV,VI,</F>
      </Row>
      <Row index="27">
        <F>27</F>
        <F>28</F>
        <F>117</F>
        <F>,IV,VI,</F>
      </Row>
      <Row index="28">
        <F>28</F>
        <F>29</F>
        <F>91</F>
        <F>,II,IV,Not Applicable,</F>
      </Row>
      <Row index="29">
        <F>29</F>
        <F>30</F>
        <F>81</F>
        <F>,Ia,</F>
      </Row>
      <Row index="30">
        <F>30</F>
        <F>31</F>
        <F>11</F>
        <F>,Ia,Not Reported,</F>
      </Row>
      <Row index="31">
        <F>31</F>
        <F>32</F>
        <F>14</F>
        <F>,Ia,II,</F>
      </Row>
      <Row index="32">
        <F>32</F>
        <F>33</F>
        <F>148</F>
        <F>,Not Applicable,VI,</F>
      </Row>
      <Row index="33">
        <F>33</F>
        <F>34</F>
        <F>50</F>
        <F>,IV,Not Reported,VI,</F>
      </Row>
      <Row index="34">
        <F>34</F>
        <F>35</F>
        <F>5</F>
        <F>,II,IV,Not Reported,VI,</F>
      </Row>
      <Row index="35">
        <F>35</F>
        <F>36</F>
        <F>1</F>
        <F>,Ia,IV,</F>
      </Row>
      <Row index="36">
        <F>36</F>
        <F>37</F>
        <F>128</F>
        <F>,III,</F>
      </Row>
      <Row index="37">
        <F>37</F>
        <F>38</F>
        <F>110</F>
        <F>,II,Not Applicable,VI,</F>
      </Row>
      <Row index="38">
        <F>38</F>
        <F>39</F>
        <F>1412</F>
        <F>,Ib,</F>
      </Row>
      <Row index="39">
        <F>39</F>
        <F>40</F>
        <F>49</F>
        <F>,Ib,VI,</F>
      </Row>
      <Row index="40">
        <F>40</F>
        <F>41</F>
        <F>23</F>
        <F>,IV,V,</F>
      </Row>
      <Row index="41">
        <F>41</F>
        <F>42</F>
        <F>2</F>
        <F>,Ia,IV,V,</F>
      </Row>
      <Row index="42">
        <F>42</F>
        <F>43</F>
        <F>66</F>
        <F>,Ib,Not Reported,</F>
      </Row>
      <Row index="43">
        <F>43</F>
        <F>44</F>
        <F>34</F>
        <F>,III,Not Reported,</F>
      </Row>
      <Row index="44">
        <F>44</F>
        <F>45</F>
        <F>14</F>
        <F>,III,VI,</F>
      </Row>
      <Row index="45">
        <F>45</F>
        <F>46</F>
        <F>10</F>
        <F>,II,III,</F>
      </Row>
      <Row index="46">
        <F>46</F>
        <F>47</F>
        <F>5</F>
        <F>,II,III,Not Reported,</F>
      </Row>
      <Row index="47">
        <F>47</F>
        <F>48</F>
        <F>1</F>
        <F>,III,Not Reported,VI,</F>
      </Row>
      <Row index="48">
        <F>48</F>
        <F>49</F>
        <F>2</F>
        <F>,II,III,Not Applicable,Not Reported,VI,</F>
      </Row>
      <Row index="49">
        <F>49</F>
        <F>50</F>
        <F>8</F>
        <F>,II,III,Not Applicable,</F>
      </Row>
      <Row index="50">
        <F>50</F>
        <F>51</F>
        <F>1</F>
        <F>,III,Not Applicable,</F>
      </Row>
      <Row index="51">
        <F>51</F>
        <F>52</F>
        <F>4</F>
        <F>,III,Not Applicable,Not Reported,</F>
      </Row>
      <Row index="52">
        <F>52</F>
        <F>53</F>
        <F>3</F>
        <F>,II,III,Not Applicable,Not Reported,</F>
      </Row>
      <Row index="53">
        <F>53</F>
        <F>54</F>
        <F>1</F>
        <F>,II,IV,Not Applicable,VI,</F>
      </Row>
      <Row index="54">
        <F>54</F>
        <F>55</F>
        <F>2</F>
        <F>,IV,Not Applicable,Not Reported,VI,</F>
      </Row>
      <Row index="55">
        <F>55</F>
        <F>56</F>
        <F>3</F>
        <F>,Ib,IV,Not Reported,VI,</F>
      </Row>
      <Row index="56">
        <F>56</F>
        <F>57</F>
        <F>1</F>
        <F>,Ib,IV,Not Reported,</F>
      </Row>
      <Row index="57">
        <F>57</F>
        <F>58</F>
        <F>58</F>
        <F>,Not Reported,V,</F>
      </Row>
      <Row index="58">
        <F>58</F>
        <F>59</F>
        <F>5</F>
        <F>,Ib,II,Not Reported,</F>
      </Row>
      <Row index="59">
        <F>59</F>
        <F>60</F>
        <F>2</F>
        <F>,Ib,II,IV,Not Reported,</F>
      </Row>
      <Row index="60">
        <F>60</F>
        <F>61</F>
        <F>24</F>
        <F>,Ib,II,</F>
      </Row>
      <Row index="61">
        <F>61</F>
        <F>62</F>
        <F>1</F>
        <F>,Ib,IV,VI,</F>
      </Row>
      <Row index="62">
        <F>62</F>
        <F>63</F>
        <F>3</F>
        <F>,Ib,IV,</F>
      </Row>
      <Row index="63">
        <F>63</F>
        <F>64</F>
        <F>23</F>
        <F>,II,V,</F>
      </Row>
      <Row index="64">
        <F>64</F>
        <F>65</F>
        <F>4</F>
        <F>,II,Not Reported,V,</F>
      </Row>
      <Row index="65">
        <F>65</F>
        <F>66</F>
        <F>64</F>
        <F>,Not Assigned,</F>
      </Row>
      <Row index="66">
        <F>66</F>
        <F>67</F>
        <F>1</F>
        <F>,III,V,</F>
      </Row>
      <Row index="67">
        <F>67</F>
        <F>68</F>
        <F>5</F>
        <F>,Ia,IV,Not Reported,V,</F>
      </Row>
      <Row index="68">
        <F>68</F>
        <F>69</F>
        <F>1</F>
        <F>,II,III,IV,V,VI,</F>
      </Row>
      <Row index="69">
        <F>69</F>
        <F>70</F>
        <F>11</F>
        <F>,V,VI,</F>
      </Row>
      <Row index="70">
        <F>70</F>
        <F>71</F>
        <F>6</F>
        <F>,Not Reported,V,VI,</F>
      </Row>
      <Row index="71">
        <F>71</F>
        <F>72</F>
        <F>89</F>
        <F>,Ib,Not Applicable,Not Reported,</F>
      </Row>
      <Row index="72">
        <F>72</F>
        <F>73</F>
        <F>1</F>
        <F>,II,Not Assigned,Not Reported,</F>
      </Row>
      <Row index="73">
        <F>73</F>
        <F>74</F>
        <F>8</F>
        <F>,IV,Not Reported,V,</F>
      </Row>
      <Row index="74">
        <F>74</F>
        <F>75</F>
        <F>4</F>
        <F>,Ia,Not Reported,V,</F>
      </Row>
      <Row index="75">
        <F>75</F>
        <F>76</F>
        <F>14</F>
        <F>,Not Assigned,Not Reported,</F>
      </Row>
    </GDALRasterAttributeTable>
    <Metadata>
      <MDI key="STATISTICS_COVARIANCES">23.57527583220049</MDI>
      <MDI key="STATISTICS_EXCLUDEDVALUES"></MDI>
      <MDI key="STATISTICS_MAXIMUM">76</MDI>
      <MDI key="STATISTICS_MEAN">2.2992555684076</MDI>
      <MDI key="STATISTICS_MINIMUM">1</MDI>
      <MDI key="STATISTICS_SKIPFACTORX">1</MDI>
      <MDI key="STATISTICS_SKIPFACTORY">1</MDI>
      <MDI key="STATISTICS_STDDEV">4.8554377590698</MDI>
    </Metadata>
  </PAMRasterBand>
</PAMDataset>
