<PAMDataset>
  <Metadata>
    <MDI key="DataType">Generic</MDI>
  </Metadata>
  <PAMRasterBand band="1">
    <Histograms>
      <HistItem>
        <HistMin>-0.5</HistMin>
        <HistMax>23.5</HistMax>
        <BucketCount>24</BucketCount>
        <IncludeOutOfRange>1</IncludeOutOfRange>
        <Approximate>0</Approximate>
        <HistCounts>0|13963|3391|18707|5730|11811|23426|28198|8456|33379|7448|4820|9295|43101|8063|12257|5932|16432|7295|10638|4656|8410|5176|12869</HistCounts>
      </HistItem>
    </Histograms>
    <GDALRasterAttributeTable>
      <FieldDefn index="0">
        <Name>Rowid</Name>
        <Type>0</Type>
        <Usage>0</Usage>
      </FieldDefn>
      <FieldDefn index="1">
        <Name>VALUE</Name>
        <Type>0</Type>
        <Usage>0</Usage>
      </FieldDefn>
      <FieldDefn index="2">
        <Name>COUNT</Name>
        <Type>0</Type>
        <Usage>0</Usage>
      </FieldDefn>
      <FieldDefn index="3">
        <Name>AGROECOLOG</Name>
        <Type>2</Type>
        <Usage>0</Usage>
      </FieldDefn>
      <Row index="0">
        <F>0</F>
        <F>1</F>
        <F>13963</F>
        <F></F>
      </Row>
      <Row index="1">
        <F>1</F>
        <F>2</F>
        <F>3391</F>
        <F>North West Coast</F>
      </Row>
      <Row index="2">
        <F>2</F>
        <F>3</F>
        <F>18707</F>
        <F>North Interior</F>
      </Row>
      <Row index="3">
        <F>3</F>
        <F>4</F>
        <F>5730</F>
        <F>Senegal River Basin</F>
      </Row>
      <Row index="4">
        <F>4</F>
        <F>5</F>
        <F>11811</F>
        <F>West Coast</F>
      </Row>
      <Row index="5">
        <F>5</F>
        <F>6</F>
        <F>23426</F>
        <F>Niger River Basin</F>
      </Row>
      <Row index="6">
        <F>6</F>
        <F>7</F>
        <F>28198</F>
        <F>Lake Chad Basin</F>
      </Row>
      <Row index="7">
        <F>7</F>
        <F>8</F>
        <F>8456</F>
        <F>North East Coast</F>
      </Row>
      <Row index="8">
        <F>8</F>
        <F>9</F>
        <F>33379</F>
        <F>Nile Basin</F>
      </Row>
      <Row index="9">
        <F>9</F>
        <F>10</F>
        <F>7448</F>
        <F>Rift Valley</F>
      </Row>
      <Row index="10">
        <F>10</F>
        <F>11</F>
        <F>4820</F>
        <F>Volta Basin</F>
      </Row>
      <Row index="11">
        <F>11</F>
        <F>12</F>
        <F>9295</F>
        <F>Shebelli &amp; Juba Basin</F>
      </Row>
      <Row index="12">
        <F>12</F>
        <F>13</F>
        <F>43101</F>
        <F>Congo River Basin</F>
      </Row>
      <Row index="13">
        <F>13</F>
        <F>14</F>
        <F>8063</F>
        <F>Central West Coast</F>
      </Row>
      <Row index="14">
        <F>14</F>
        <F>15</F>
        <F>12257</F>
        <F>East Central Coast</F>
      </Row>
      <Row index="15">
        <F>15</F>
        <F>16</F>
        <F>5932</F>
        <F>South West Coast</F>
      </Row>
      <Row index="16">
        <F>16</F>
        <F>17</F>
        <F>16432</F>
        <F>Zambezi Basin</F>
      </Row>
      <Row index="17">
        <F>17</F>
        <F>18</F>
        <F>7295</F>
        <F>Madasgacar</F>
      </Row>
      <Row index="18">
        <F>18</F>
        <F>19</F>
        <F>10638</F>
        <F>South Interior</F>
      </Row>
      <Row index="19">
        <F>19</F>
        <F>20</F>
        <F>4656</F>
        <F>South Atlantic Coast</F>
      </Row>
      <Row index="20">
        <F>20</F>
        <F>21</F>
        <F>8410</F>
        <F>Indian Ocean Coast</F>
      </Row>
      <Row index="21">
        <F>21</F>
        <F>22</F>
        <F>5176</F>
        <F>Limpopo Basin</F>
      </Row>
      <Row index="22">
        <F>22</F>
        <F>23</F>
        <F>12869</F>
        <F>Orange Basin</F>
      </Row>
    </GDALRasterAttributeTable>
    <Metadata>
      <MDI key="STATISTICS_COVARIANCES">35.43826172223985</MDI>
      <MDI key="STATISTICS_EXCLUDEDVALUES"></MDI>
      <MDI key="STATISTICS_MAXIMUM">23</MDI>
      <MDI key="STATISTICS_MEAN">11.033698793553</MDI>
      <MDI key="STATISTICS_MINIMUM">1</MDI>
      <MDI key="STATISTICS_SKIPFACTORX">1</MDI>
      <MDI key="STATISTICS_SKIPFACTORY">1</MDI>
      <MDI key="STATISTICS_STDDEV">5.953004428206</MDI>
    </Metadata>
  </PAMRasterBand>
</PAMDataset>
