<PAMDataset>
  <Metadata>
    <MDI key="DataType">Generic</MDI>
  </Metadata>
  <PAMRasterBand band="1">
    <Histograms>
      <HistItem>
        <HistMin>-0.5</HistMin>
        <HistMax>46.5</HistMax>
        <BucketCount>47</BucketCount>
        <IncludeOutOfRange>1</IncludeOutOfRange>
        <Approximate>0</Approximate>
        <HistCounts>0|3264|302|3|9836|6165|274|2676|4202|19339|931|18671|7874|7971|12353|3867|10056|3391|2615|1382|2514|240|9264|20046|1920|27819|593|23|4248|14212|145|1|1316|11786|3223|13764|16885|3240|551|1805|16192|4987|7519|6135|3328|4404|559</HistCounts>
      </HistItem>
    </Histograms>
    <GDALRasterAttributeTable>
      <FieldDefn index="0">
        <Name>Rowid</Name>
        <Type>0</Type>
        <Usage>0</Usage>
      </FieldDefn>
      <FieldDefn index="1">
        <Name>VALUE</Name>
        <Type>0</Type>
        <Usage>0</Usage>
      </FieldDefn>
      <FieldDefn index="2">
        <Name>COUNT</Name>
        <Type>0</Type>
        <Usage>0</Usage>
      </FieldDefn>
      <FieldDefn index="3">
        <Name>PSH_TX</Name>
        <Type>2</Type>
        <Usage>0</Usage>
      </FieldDefn>
      <Row index="0">
        <F>0</F>
        <F>1</F>
        <F>3264</F>
        <F>Agadir</F>
      </Row>
      <Row index="1">
        <F>1</F>
        <F>2</F>
        <F>302</F>
        <F>Oran</F>
      </Row>
      <Row index="2">
        <F>2</F>
        <F>3</F>
        <F>3</F>
        <F></F>
      </Row>
      <Row index="3">
        <F>3</F>
        <F>4</F>
        <F>9836</F>
        <F>Abidjan</F>
      </Row>
      <Row index="4">
        <F>4</F>
        <F>5</F>
        <F>6165</F>
        <F>Nouadhibou</F>
      </Row>
      <Row index="5">
        <F>5</F>
        <F>6</F>
        <F>274</F>
        <F>Algiers</F>
      </Row>
      <Row index="6">
        <F>6</F>
        <F>7</F>
        <F>2676</F>
        <F>Port Marsa El Brega</F>
      </Row>
      <Row index="7">
        <F>7</F>
        <F>8</F>
        <F>4202</F>
        <F>Hurghada</F>
      </Row>
      <Row index="8">
        <F>8</F>
        <F>9</F>
        <F>19339</F>
        <F>Calabar</F>
      </Row>
      <Row index="9">
        <F>9</F>
        <F>10</F>
        <F>931</F>
        <F>Tripoli</F>
      </Row>
      <Row index="10">
        <F>10</F>
        <F>11</F>
        <F>18671</F>
        <F>Port Sudan</F>
      </Row>
      <Row index="11">
        <F>11</F>
        <F>12</F>
        <F>7874</F>
        <F>Cotonou</F>
      </Row>
      <Row index="12">
        <F>12</F>
        <F>13</F>
        <F>7971</F>
        <F>Conakry</F>
      </Row>
      <Row index="13">
        <F>13</F>
        <F>14</F>
        <F>12353</F>
        <F>Tin Can Island Port</F>
      </Row>
      <Row index="14">
        <F>14</F>
        <F>15</F>
        <F>3867</F>
        <F>Dakar</F>
      </Row>
      <Row index="15">
        <F>15</F>
        <F>16</F>
        <F>10056</F>
        <F>Assab</F>
      </Row>
      <Row index="16">
        <F>16</F>
        <F>17</F>
        <F>3391</F>
        <F>Lome</F>
      </Row>
      <Row index="17">
        <F>17</F>
        <F>18</F>
        <F>2615</F>
        <F>Onne</F>
      </Row>
      <Row index="18">
        <F>18</F>
        <F>19</F>
        <F>1382</F>
        <F>Bissau</F>
      </Row>
      <Row index="19">
        <F>19</F>
        <F>20</F>
        <F>2514</F>
        <F>Tema</F>
      </Row>
      <Row index="20">
        <F>20</F>
        <F>21</F>
        <F>240</F>
        <F>Port Kamsar</F>
      </Row>
      <Row index="21">
        <F>21</F>
        <F>22</F>
        <F>9264</F>
        <F>Djibouti</F>
      </Row>
      <Row index="22">
        <F>22</F>
        <F>23</F>
        <F>20046</F>
        <F>Douala</F>
      </Row>
      <Row index="23">
        <F>23</F>
        <F>24</F>
        <F>1920</F>
        <F>Monrovia</F>
      </Row>
      <Row index="24">
        <F>24</F>
        <F>25</F>
        <F>27819</F>
        <F>Mombasa</F>
      </Row>
      <Row index="25">
        <F>25</F>
        <F>26</F>
        <F>593</F>
        <F>Buchanan</F>
      </Row>
      <Row index="26">
        <F>26</F>
        <F>27</F>
        <F>23</F>
        <F>Luba</F>
      </Row>
      <Row index="27">
        <F>27</F>
        <F>28</F>
        <F>4248</F>
        <F>Owendo</F>
      </Row>
      <Row index="28">
        <F>28</F>
        <F>29</F>
        <F>14212</F>
        <F>Boma</F>
      </Row>
      <Row index="29">
        <F>29</F>
        <F>30</F>
        <F>145</F>
        <F>Port Gentil</F>
      </Row>
      <Row index="30">
        <F>30</F>
        <F>31</F>
        <F>1</F>
        <F>Sao Tome</F>
      </Row>
      <Row index="31">
        <F>31</F>
        <F>32</F>
        <F>1316</F>
        <F>Tanga</F>
      </Row>
      <Row index="32">
        <F>32</F>
        <F>33</F>
        <F>11786</F>
        <F>Daressalaam</F>
      </Row>
      <Row index="33">
        <F>33</F>
        <F>34</F>
        <F>3223</F>
        <F>Luanda</F>
      </Row>
      <Row index="34">
        <F>34</F>
        <F>35</F>
        <F>13764</F>
        <F>Lobito</F>
      </Row>
      <Row index="35">
        <F>35</F>
        <F>36</F>
        <F>16885</F>
        <F>Beira</F>
      </Row>
      <Row index="36">
        <F>36</F>
        <F>37</F>
        <F>3240</F>
        <F>Nacala</F>
      </Row>
      <Row index="37">
        <F>37</F>
        <F>38</F>
        <F>551</F>
        <F>Diego Suarez</F>
      </Row>
      <Row index="38">
        <F>38</F>
        <F>39</F>
        <F>1805</F>
        <F>Majunga</F>
      </Row>
      <Row index="39">
        <F>39</F>
        <F>40</F>
        <F>16192</F>
        <F>Walvisbay</F>
      </Row>
      <Row index="40">
        <F>40</F>
        <F>41</F>
        <F>4987</F>
        <F>Toamasina</F>
      </Row>
      <Row index="41">
        <F>41</F>
        <F>42</F>
        <F>7519</F>
        <F>Maputo</F>
      </Row>
      <Row index="42">
        <F>42</F>
        <F>43</F>
        <F>6135</F>
        <F>Port Elizabeth</F>
      </Row>
      <Row index="43">
        <F>43</F>
        <F>44</F>
        <F>3328</F>
        <F>Durban</F>
      </Row>
      <Row index="44">
        <F>44</F>
        <F>45</F>
        <F>4404</F>
        <F>Capetown</F>
      </Row>
      <Row index="45">
        <F>45</F>
        <F>46</F>
        <F>559</F>
        <F>Richards Bay</F>
      </Row>
    </GDALRasterAttributeTable>
    <Metadata>
      <MDI key="STATISTICS_COVARIANCES">147.5338905044407</MDI>
      <MDI key="STATISTICS_EXCLUDEDVALUES"></MDI>
      <MDI key="STATISTICS_MAXIMUM">46</MDI>
      <MDI key="STATISTICS_MEAN">23.620060227962</MDI>
      <MDI key="STATISTICS_MINIMUM">1</MDI>
      <MDI key="STATISTICS_SKIPFACTORX">1</MDI>
      <MDI key="STATISTICS_SKIPFACTORY">1</MDI>
      <MDI key="STATISTICS_STDDEV">12.146352971342</MDI>
    </Metadata>
  </PAMRasterBand>
</PAMDataset>
