<PAMDataset>
  <Metadata>
    <MDI key="DataType">Generic</MDI>
  </Metadata>
  <PAMRasterBand band="1">
    <Metadata>
      <MDI key="STATISTICS_COVARIANCES">111.7119626347798</MDI>
      <MDI key="STATISTICS_EXCLUDEDVALUES"></MDI>
      <MDI key="STATISTICS_MAXIMUM">89.721603393555</MDI>
      <MDI key="STATISTICS_MEAN">11.272446421214</MDI>
      <MDI key="STATISTICS_MINIMUM">0.022991299629211</MDI>
      <MDI key="STATISTICS_SKIPFACTORX">1</MDI>
      <MDI key="STATISTICS_SKIPFACTORY">1</MDI>
      <MDI key="STATISTICS_STDDEV">10.569387997173</MDI>
    </Metadata>
  </PAMRasterBand>
</PAMDataset>
