<PAMDataset>
  <Metadata>
    <MDI key="DataType">Generic</MDI>
  </Metadata>
  <PAMRasterBand band="1">
    <Metadata>
      <MDI key="STATISTICS_COVARIANCES">116.3117105071624</MDI>
      <MDI key="STATISTICS_EXCLUDEDVALUES"></MDI>
      <MDI key="STATISTICS_MAXIMUM">250.17999267578</MDI>
      <MDI key="STATISTICS_MEAN">12.860590320481</MDI>
      <MDI key="STATISTICS_MINIMUM">0.022991299629211</MDI>
      <MDI key="STATISTICS_SKIPFACTORX">1</MDI>
      <MDI key="STATISTICS_SKIPFACTORY">1</MDI>
      <MDI key="STATISTICS_STDDEV">10.784790702984</MDI>
    </Metadata>
  </PAMRasterBand>
</PAMDataset>
