<PAMDataset>
  <Metadata>
    <MDI key="DataType">Generic</MDI>
  </Metadata>
  <PAMRasterBand band="1">
    <GDALRasterAttributeTable>
      <FieldDefn index="0">
        <Name>Rowid</Name>
        <Type>0</Type>
        <Usage>0</Usage>
      </FieldDefn>
      <FieldDefn index="1">
        <Name>VALUE</Name>
        <Type>0</Type>
        <Usage>0</Usage>
      </FieldDefn>
      <FieldDefn index="2">
        <Name>COUNT</Name>
        <Type>0</Type>
        <Usage>0</Usage>
      </FieldDefn>
      <FieldDefn index="3">
        <Name>MSH_50K_TX</Name>
        <Type>2</Type>
        <Usage>0</Usage>
      </FieldDefn>
      <Row index="0">
        <F>0</F>
        <F>1</F>
        <F>717</F>
        <F>Guelmim</F>
      </Row>
      <Row index="1">
        <F>1</F>
        <F>2</F>
        <F>1875</F>
        <F>Laayoune</F>
      </Row>
      <Row index="2">
        <F>2</F>
        <F>3</F>
        <F>191</F>
        <F>Abengourou</F>
      </Row>
      <Row index="3">
        <F>3</F>
        <F>4</F>
        <F>4742</F>
        <F>Mopticommune</F>
      </Row>
      <Row index="4">
        <F>4</F>
        <F>5</F>
        <F>3886</F>
        <F>Nouakchott</F>
      </Row>
      <Row index="5">
        <F>5</F>
        <F>6</F>
        <F>2523</F>
        <F>Murzq</F>
      </Row>
      <Row index="6">
        <F>6</F>
        <F>7</F>
        <F>5525</F>
        <F>Gao</F>
      </Row>
      <Row index="7">
        <F>7</F>
        <F>8</F>
        <F>583</F>
        <F>Aswan</F>
      </Row>
      <Row index="8">
        <F>8</F>
        <F>9</F>
        <F>1446</F>
        <F>Bursudan</F>
      </Row>
      <Row index="9">
        <F>9</F>
        <F>10</F>
        <F>8118</F>
        <F>Abeche</F>
      </Row>
      <Row index="10">
        <F>10</F>
        <F>11</F>
        <F>216</F>
        <F>Tamanrasset</F>
      </Row>
      <Row index="11">
        <F>11</F>
        <F>12</F>
        <F>4873</F>
        <F>Dongola</F>
      </Row>
      <Row index="12">
        <F>12</F>
        <F>13</F>
        <F>8</F>
        <F>Alkharijah</F>
      </Row>
      <Row index="13">
        <F>13</F>
        <F>14</F>
        <F>2174</F>
        <F>Arlit</F>
      </Row>
      <Row index="14">
        <F>14</F>
        <F>15</F>
        <F>1186</F>
        <F>Merowe</F>
      </Row>
      <Row index="15">
        <F>15</F>
        <F>16</F>
        <F>879</F>
        <F>Barbar</F>
      </Row>
      <Row index="16">
        <F>16</F>
        <F>17</F>
        <F>1</F>
        <F>Nouadhibou</F>
      </Row>
      <Row index="17">
        <F>17</F>
        <F>18</F>
        <F>2779</F>
        <F>Nionosocoura</F>
      </Row>
      <Row index="18">
        <F>18</F>
        <F>19</F>
        <F>2983</F>
        <F>Kiffa</F>
      </Row>
      <Row index="19">
        <F>19</F>
        <F>20</F>
        <F>3021</F>
        <F>Gashua</F>
      </Row>
      <Row index="20">
        <F>20</F>
        <F>21</F>
        <F>1696</F>
        <F>Agadez</F>
      </Row>
      <Row index="21">
        <F>21</F>
        <F>22</F>
        <F>3176</F>
        <F>Alfashir</F>
      </Row>
      <Row index="22">
        <F>22</F>
        <F>23</F>
        <F>930</F>
        <F>Kaedi</F>
      </Row>
      <Row index="23">
        <F>23</F>
        <F>24</F>
        <F>432</F>
        <F>Rosso</F>
      </Row>
      <Row index="24">
        <F>24</F>
        <F>25</F>
        <F>1988</F>
        <F>Zinder</F>
      </Row>
      <Row index="25">
        <F>25</F>
        <F>26</F>
        <F>3091</F>
        <F>Ndjamena</F>
      </Row>
      <Row index="26">
        <F>26</F>
        <F>27</F>
        <F>342</F>
        <F>Atbara</F>
      </Row>
      <Row index="27">
        <F>27</F>
        <F>28</F>
        <F>1348</F>
        <F>Tahoua</F>
      </Row>
      <Row index="28">
        <F>28</F>
        <F>29</F>
        <F>178</F>
        <F>Addamir</F>
      </Row>
      <Row index="29">
        <F>29</F>
        <F>30</F>
        <F>1631</F>
        <F>Niamey</F>
      </Row>
      <Row index="30">
        <F>30</F>
        <F>31</F>
        <F>524</F>
        <F>Kassala</F>
      </Row>
      <Row index="31">
        <F>31</F>
        <F>32</F>
        <F>745</F>
        <F>Akordat</F>
      </Row>
      <Row index="32">
        <F>32</F>
        <F>33</F>
        <F>1533</F>
        <F>Aljunaynah</F>
      </Row>
      <Row index="33">
        <F>33</F>
        <F>34</F>
        <F>338</F>
        <F>Asmara</F>
      </Row>
      <Row index="34">
        <F>34</F>
        <F>35</F>
        <F>126</F>
        <F>Richardtoll</F>
      </Row>
      <Row index="35">
        <F>35</F>
        <F>36</F>
        <F>335</F>
        <F>Sandi</F>
      </Row>
      <Row index="36">
        <F>36</F>
        <F>37</F>
        <F>715</F>
        <F>Ummdurman</F>
      </Row>
      <Row index="37">
        <F>37</F>
        <F>38</F>
        <F>351</F>
        <F>Halfaaljadidah</F>
      </Row>
      <Row index="38">
        <F>38</F>
        <F>39</F>
        <F>100</F>
        <F>Alkhartumbahri</F>
      </Row>
      <Row index="39">
        <F>39</F>
        <F>40</F>
        <F>1054</F>
        <F>Alubayyid</F>
      </Row>
      <Row index="40">
        <F>40</F>
        <F>41</F>
        <F>50</F>
        <F>Saint Louis</F>
      </Row>
      <Row index="41">
        <F>41</F>
        <F>42</F>
        <F>1155</F>
        <F>Alnuhud</F>
      </Row>
      <Row index="42">
        <F>42</F>
        <F>43</F>
        <F>145</F>
        <F>Louga</F>
      </Row>
      <Row index="43">
        <F>43</F>
        <F>44</F>
        <F>786</F>
        <F>Ouahigouya</F>
      </Row>
      <Row index="44">
        <F>44</F>
        <F>45</F>
        <F>1271</F>
        <F>Kayes</F>
      </Row>
      <Row index="45">
        <F>45</F>
        <F>46</F>
        <F>715</F>
        <F>Kati</F>
      </Row>
      <Row index="46">
        <F>46</F>
        <F>47</F>
        <F>256</F>
        <F>Mbacke</F>
      </Row>
      <Row index="47">
        <F>47</F>
        <F>48</F>
        <F>481</F>
        <F>Maradi</F>
      </Row>
      <Row index="48">
        <F>48</F>
        <F>49</F>
        <F>170</F>
        <F>Rufaca</F>
      </Row>
      <Row index="49">
        <F>49</F>
        <F>50</F>
        <F>79</F>
        <F>Thies</F>
      </Row>
      <Row index="50">
        <F>50</F>
        <F>51</F>
        <F>150</F>
        <F>Wadmadani</F>
      </Row>
      <Row index="51">
        <F>51</F>
        <F>52</F>
        <F>761</F>
        <F>Tambacounda</F>
      </Row>
      <Row index="52">
        <F>52</F>
        <F>53</F>
        <F>57</F>
        <F>Diourbel</F>
      </Row>
      <Row index="53">
        <F>53</F>
        <F>54</F>
        <F>309</F>
        <F>Adigrat</F>
      </Row>
      <Row index="54">
        <F>54</F>
        <F>55</F>
        <F>7</F>
        <F>Rufisque</F>
      </Row>
      <Row index="55">
        <F>55</F>
        <F>56</F>
        <F>966</F>
        <F>Adduayn</F>
      </Row>
      <Row index="56">
        <F>56</F>
        <F>57</F>
        <F>98</F>
        <F>Almanaqil</F>
      </Row>
      <Row index="57">
        <F>57</F>
        <F>58</F>
        <F>652</F>
        <F>Alqadarif</F>
      </Row>
      <Row index="58">
        <F>58</F>
        <F>59</F>
        <F>1</F>
        <F>Dagoudanepikine</F>
      </Row>
      <Row index="59">
        <F>59</F>
        <F>60</F>
        <F>1</F>
        <F>Dakar</F>
      </Row>
      <Row index="60">
        <F>60</F>
        <F>61</F>
        <F>949</F>
        <F>Makalle</F>
      </Row>
      <Row index="61">
        <F>61</F>
        <F>62</F>
        <F>359</F>
        <F>Segou</F>
      </Row>
      <Row index="62">
        <F>62</F>
        <F>63</F>
        <F>463</F>
        <F>Dosso</F>
      </Row>
      <Row index="63">
        <F>63</F>
        <F>64</F>
        <F>217</F>
        <F>Kaolack</F>
      </Row>
      <Row index="64">
        <F>64</F>
        <F>65</F>
        <F>218</F>
        <F>Birninkonni</F>
      </Row>
      <Row index="65">
        <F>65</F>
        <F>66</F>
        <F>158</F>
        <F>Nguru</F>
      </Row>
      <Row index="66">
        <F>66</F>
        <F>67</F>
        <F>483</F>
        <F>Ouagadougou</F>
      </Row>
      <Row index="67">
        <F>67</F>
        <F>68</F>
        <F>430</F>
        <F>Maiduguri</F>
      </Row>
      <Row index="68">
        <F>68</F>
        <F>69</F>
        <F>85</F>
        <F>Sinnar</F>
      </Row>
      <Row index="69">
        <F>69</F>
        <F>70</F>
        <F>63</F>
        <F>Assuki</F>
      </Row>
      <Row index="70">
        <F>70</F>
        <F>71</F>
        <F>371</F>
        <F>Kolda</F>
      </Row>
      <Row index="71">
        <F>71</F>
        <F>72</F>
        <F>416</F>
        <F>Bamako</F>
      </Row>
      <Row index="72">
        <F>72</F>
        <F>73</F>
        <F>401</F>
        <F>Ummruwaba</F>
      </Row>
      <Row index="73">
        <F>73</F>
        <F>74</F>
        <F>387</F>
        <F>Gonder</F>
      </Row>
      <Row index="74">
        <F>74</F>
        <F>75</F>
        <F>186</F>
        <F>Katsina</F>
      </Row>
      <Row index="75">
        <F>75</F>
        <F>76</F>
        <F>246</F>
        <F>Rabak</F>
      </Row>
      <Row index="76">
        <F>76</F>
        <F>77</F>
        <F>223</F>
        <F>Sinjah</F>
      </Row>
      <Row index="77">
        <F>77</F>
        <F>78</F>
        <F>1064</F>
        <F>Diredawa</F>
      </Row>
      <Row index="78">
        <F>78</F>
        <F>79</F>
        <F>432</F>
        <F>Birninkebbi</F>
      </Row>
      <Row index="79">
        <F>79</F>
        <F>80</F>
        <F>326</F>
        <F>Sokoto</F>
      </Row>
      <Row index="80">
        <F>80</F>
        <F>81</F>
        <F>5</F>
        <F>Bununkakunda</F>
      </Row>
      <Row index="81">
        <F>81</F>
        <F>82</F>
        <F>365</F>
        <F>San</F>
      </Row>
      <Row index="82">
        <F>82</F>
        <F>83</F>
        <F>131</F>
        <F>Kusti</F>
      </Row>
      <Row index="83">
        <F>83</F>
        <F>84</F>
        <F>128</F>
        <F>Brikama</F>
      </Row>
      <Row index="84">
        <F>84</F>
        <F>85</F>
        <F>396</F>
        <F>Garango</F>
      </Row>
      <Row index="85">
        <F>85</F>
        <F>86</F>
        <F>1601</F>
        <F>Nyala</F>
      </Row>
      <Row index="86">
        <F>86</F>
        <F>87</F>
        <F>306</F>
        <F>Gusau</F>
      </Row>
      <Row index="87">
        <F>87</F>
        <F>88</F>
        <F>156</F>
        <F>Hadejia</F>
      </Row>
      <Row index="88">
        <F>88</F>
        <F>89</F>
        <F>231</F>
        <F>Damaturu</F>
      </Row>
      <Row index="89">
        <F>89</F>
        <F>90</F>
        <F>378</F>
        <F>Kano</F>
      </Row>
      <Row index="90">
        <F>90</F>
        <F>91</F>
        <F>554</F>
        <F>Siguiri</F>
      </Row>
      <Row index="91">
        <F>91</F>
        <F>92</F>
        <F>379</F>
        <F>Koudougou</F>
      </Row>
      <Row index="92">
        <F>92</F>
        <F>93</F>
        <F>119</F>
        <F>Gamboru</F>
      </Row>
      <Row index="93">
        <F>93</F>
        <F>94</F>
        <F>241</F>
        <F>Labe</F>
      </Row>
      <Row index="94">
        <F>94</F>
        <F>95</F>
        <F>365</F>
        <F>Tougue</F>
      </Row>
      <Row index="95">
        <F>95</F>
        <F>96</F>
        <F>418</F>
        <F>Bobodioulasso</F>
      </Row>
      <Row index="96">
        <F>96</F>
        <F>97</F>
        <F>252</F>
        <F>Addillinj</F>
      </Row>
      <Row index="97">
        <F>97</F>
        <F>98</F>
        <F>479</F>
        <F>Bahirdar</F>
      </Row>
      <Row index="98">
        <F>98</F>
        <F>99</F>
        <F>271</F>
        <F>Bissau</F>
      </Row>
      <Row index="99">
        <F>99</F>
        <F>100</F>
        <F>1156</F>
        <F>Addamazin</F>
      </Row>
      <Row index="100">
        <F>100</F>
        <F>101</F>
        <F>1</F>
        <F>Zguinchor</F>
      </Row>
      <Row index="101">
        <F>101</F>
        <F>102</F>
        <F>718</F>
        <F>Dese</F>
      </Row>
      <Row index="102">
        <F>102</F>
        <F>103</F>
        <F>322</F>
        <F>Telimele</F>
      </Row>
      <Row index="103">
        <F>103</F>
        <F>104</F>
        <F>190</F>
        <F>Funtua</F>
      </Row>
      <Row index="104">
        <F>104</F>
        <F>105</F>
        <F>223</F>
        <F>Azare</F>
      </Row>
      <Row index="105">
        <F>105</F>
        <F>106</F>
        <F>126</F>
        <F>Daura</F>
      </Row>
      <Row index="106">
        <F>106</F>
        <F>107</F>
        <F>467</F>
        <F>Sikasso</F>
      </Row>
      <Row index="107">
        <F>107</F>
        <F>108</F>
        <F>143</F>
        <F>Bama</F>
      </Row>
      <Row index="108">
        <F>108</F>
        <F>109</F>
        <F>2243</F>
        <F>Sarh</F>
      </Row>
      <Row index="109">
        <F>109</F>
        <F>110</F>
        <F>3419</F>
        <F>Berbera</F>
      </Row>
      <Row index="110">
        <F>110</F>
        <F>111</F>
        <F>428</F>
        <F>Natitingou</F>
      </Row>
      <Row index="111">
        <F>111</F>
        <F>112</F>
        <F>757</F>
        <F>Kadugli</F>
      </Row>
      <Row index="112">
        <F>112</F>
        <F>113</F>
        <F>216</F>
        <F>Bawku</F>
      </Row>
      <Row index="113">
        <F>113</F>
        <F>114</F>
        <F>514</F>
        <F>Kontagora</F>
      </Row>
      <Row index="114">
        <F>114</F>
        <F>115</F>
        <F>86</F>
        <F>Zaria</F>
      </Row>
      <Row index="115">
        <F>115</F>
        <F>116</F>
        <F>173</F>
        <F>Maroua</F>
      </Row>
      <Row index="116">
        <F>116</F>
        <F>117</F>
        <F>567</F>
        <F>Malakal</F>
      </Row>
      <Row index="117">
        <F>117</F>
        <F>118</F>
        <F>216</F>
        <F>Wassou</F>
      </Row>
      <Row index="118">
        <F>118</F>
        <F>119</F>
        <F>242</F>
        <F>Bolgatanga</F>
      </Row>
      <Row index="119">
        <F>119</F>
        <F>120</F>
        <F>290</F>
        <F>Banfora</F>
      </Row>
      <Row index="120">
        <F>120</F>
        <F>121</F>
        <F>184</F>
        <F>Djougou</F>
      </Row>
      <Row index="121">
        <F>121</F>
        <F>122</F>
        <F>200</F>
        <F>Biu</F>
      </Row>
      <Row index="122">
        <F>122</F>
        <F>123</F>
        <F>430</F>
        <F>Yagoua</F>
      </Row>
      <Row index="123">
        <F>123</F>
        <F>124</F>
        <F>369</F>
        <F>Debremarkos</F>
      </Row>
      <Row index="124">
        <F>124</F>
        <F>125</F>
        <F>451</F>
        <F>Wa</F>
      </Row>
      <Row index="125">
        <F>125</F>
        <F>126</F>
        <F>366</F>
        <F>Parakou</F>
      </Row>
      <Row index="126">
        <F>126</F>
        <F>127</F>
        <F>306</F>
        <F>Bauchi</F>
      </Row>
      <Row index="127">
        <F>127</F>
        <F>128</F>
        <F>268</F>
        <F>Gombe</F>
      </Row>
      <Row index="128">
        <F>128</F>
        <F>129</F>
        <F>135</F>
        <F>Mubi</F>
      </Row>
      <Row index="129">
        <F>129</F>
        <F>130</F>
        <F>595</F>
        <F>Kankan</F>
      </Row>
      <Row index="130">
        <F>130</F>
        <F>131</F>
        <F>220</F>
        <F>Kaduna</F>
      </Row>
      <Row index="131">
        <F>131</F>
        <F>132</F>
        <F>256</F>
        <F>Mamou</F>
      </Row>
      <Row index="132">
        <F>132</F>
        <F>133</F>
        <F>246</F>
        <F>Jos</F>
      </Row>
      <Row index="133">
        <F>133</F>
        <F>134</F>
        <F>986</F>
        <F>Hargeysa</F>
      </Row>
      <Row index="134">
        <F>134</F>
        <F>135</F>
        <F>123</F>
        <F>Kara</F>
      </Row>
      <Row index="135">
        <F>135</F>
        <F>136</F>
        <F>516</F>
        <F>Uwayl</F>
      </Row>
      <Row index="136">
        <F>136</F>
        <F>137</F>
        <F>562</F>
        <F>Gogrial</F>
      </Row>
      <Row index="137">
        <F>137</F>
        <F>138</F>
        <F>942</F>
        <F>Nekemte</F>
      </Row>
      <Row index="138">
        <F>138</F>
        <F>139</F>
        <F>146</F>
        <F>Kindia</F>
      </Row>
      <Row index="139">
        <F>139</F>
        <F>140</F>
        <F>535</F>
        <F>Korhogo</F>
      </Row>
      <Row index="140">
        <F>140</F>
        <F>141</F>
        <F>220</F>
        <F>Ferkessedougou</F>
      </Row>
      <Row index="141">
        <F>141</F>
        <F>142</F>
        <F>143</F>
        <F>Minna</F>
      </Row>
      <Row index="142">
        <F>142</F>
        <F>143</F>
        <F>96</F>
        <F>Kagoro</F>
      </Row>
      <Row index="143">
        <F>143</F>
        <F>144</F>
        <F>937</F>
        <F>Moundou</F>
      </Row>
      <Row index="144">
        <F>144</F>
        <F>145</F>
        <F>205</F>
        <F>Debrebirhan</F>
      </Row>
      <Row index="145">
        <F>145</F>
        <F>146</F>
        <F>1213</F>
        <F>Jijiga</F>
      </Row>
      <Row index="146">
        <F>146</F>
        <F>147</F>
        <F>275</F>
        <F>Kissidougou</F>
      </Row>
      <Row index="147">
        <F>147</F>
        <F>148</F>
        <F>238</F>
        <F>Yendi</F>
      </Row>
      <Row index="148">
        <F>148</F>
        <F>149</F>
        <F>151</F>
        <F>Guider</F>
      </Row>
      <Row index="149">
        <F>149</F>
        <F>150</F>
        <F>223</F>
        <F>Kishi</F>
      </Row>
      <Row index="150">
        <F>150</F>
        <F>151</F>
        <F>264</F>
        <F>Addisababa</F>
      </Row>
      <Row index="151">
        <F>151</F>
        <F>152</F>
        <F>533</F>
        <F>Tamale</F>
      </Row>
      <Row index="152">
        <F>152</F>
        <F>153</F>
        <F>754</F>
        <F>Taufikia</F>
      </Row>
      <Row index="153">
        <F>153</F>
        <F>154</F>
        <F>240</F>
        <F>Jimeta</F>
      </Row>
      <Row index="154">
        <F>154</F>
        <F>155</F>
        <F>1624</F>
        <F>Deimzubeir</F>
      </Row>
      <Row index="155">
        <F>155</F>
        <F>156</F>
        <F>349</F>
        <F>Makeni</F>
      </Row>
      <Row index="156">
        <F>156</F>
        <F>157</F>
        <F>117</F>
        <F>Suleja</F>
      </Row>
      <Row index="157">
        <F>157</F>
        <F>158</F>
        <F>325</F>
        <F>Garoua</F>
      </Row>
      <Row index="158">
        <F>158</F>
        <F>159</F>
        <F>155</F>
        <F>Ilorin</F>
      </Row>
      <Row index="159">
        <F>159</F>
        <F>160</F>
        <F>234</F>
        <F>Bida</F>
      </Row>
      <Row index="160">
        <F>160</F>
        <F>161</F>
        <F>52</F>
        <F>Kafanchan</F>
      </Row>
      <Row index="161">
        <F>161</F>
        <F>162</F>
        <F>333</F>
        <F>Nazet</F>
      </Row>
      <Row index="162">
        <F>162</F>
        <F>163</F>
        <F>478</F>
        <F>Harrar</F>
      </Row>
      <Row index="163">
        <F>163</F>
        <F>164</F>
        <F>387</F>
        <F>Jalingo</F>
      </Row>
      <Row index="164">
        <F>164</F>
        <F>165</F>
        <F>177</F>
        <F>Sefadu</F>
      </Row>
      <Row index="165">
        <F>165</F>
        <F>166</F>
        <F>70</F>
        <F>Abuja</F>
      </Row>
      <Row index="166">
        <F>166</F>
        <F>167</F>
        <F>279</F>
        <F>Macenta</F>
      </Row>
      <Row index="167">
        <F>167</F>
        <F>168</F>
        <F>419</F>
        <F>Nzerekore</F>
      </Row>
      <Row index="168">
        <F>168</F>
        <F>169</F>
        <F>142</F>
        <F>Sokode</F>
      </Row>
      <Row index="169">
        <F>169</F>
        <F>170</F>
        <F>61</F>
        <F>Akaki</F>
      </Row>
      <Row index="170">
        <F>170</F>
        <F>171</F>
        <F>252</F>
        <F>Katiola</F>
      </Row>
      <Row index="171">
        <F>171</F>
        <F>172</F>
        <F>424</F>
        <F>Bondoukou</F>
      </Row>
      <Row index="172">
        <F>172</F>
        <F>173</F>
        <F>37</F>
        <F>Yola</F>
      </Row>
      <Row index="173">
        <F>173</F>
        <F>174</F>
        <F>85</F>
        <F>Shaki</F>
      </Row>
      <Row index="174">
        <F>174</F>
        <F>175</F>
        <F>139</F>
        <F>Keffi</F>
      </Row>
      <Row index="175">
        <F>175</F>
        <F>176</F>
        <F>131</F>
        <F>Lafia</F>
      </Row>
      <Row index="176">
        <F>176</F>
        <F>177</F>
        <F>599</F>
        <F>Man</F>
      </Row>
      <Row index="177">
        <F>177</F>
        <F>178</F>
        <F>17</F>
        <F>Igboho</F>
      </Row>
      <Row index="178">
        <F>178</F>
        <F>179</F>
        <F>405</F>
        <F>Wukari</F>
      </Row>
      <Row index="179">
        <F>179</F>
        <F>180</F>
        <F>2984</F>
        <F>Bambari</F>
      </Row>
      <Row index="180">
        <F>180</F>
        <F>181</F>
        <F>61</F>
        <F>Paratao</F>
      </Row>
      <Row index="181">
        <F>181</F>
        <F>182</F>
        <F>171</F>
        <F>Save</F>
      </Row>
      <Row index="182">
        <F>182</F>
        <F>183</F>
        <F>1240</F>
        <F>Kongor</F>
      </Row>
      <Row index="183">
        <F>183</F>
        <F>184</F>
        <F>760</F>
        <F>Jimma</F>
      </Row>
      <Row index="184">
        <F>184</F>
        <F>185</F>
        <F>42</F>
        <F>Ila</F>
      </Row>
      <Row index="185">
        <F>185</F>
        <F>186</F>
        <F>1</F>
        <F>Freetown</F>
      </Row>
      <Row index="186">
        <F>186</F>
        <F>187</F>
        <F>192</F>
        <F>Botown</F>
      </Row>
      <Row index="187">
        <F>187</F>
        <F>188</F>
        <F>94</F>
        <F>Akebou</F>
      </Row>
      <Row index="188">
        <F>188</F>
        <F>189</F>
        <F>80</F>
        <F>Iseyin</F>
      </Row>
      <Row index="189">
        <F>189</F>
        <F>190</F>
        <F>35</F>
        <F>Ogbomosho</F>
      </Row>
      <Row index="190">
        <F>190</F>
        <F>191</F>
        <F>25</F>
        <F>Offa</F>
      </Row>
      <Row index="191">
        <F>191</F>
        <F>192</F>
        <F>181</F>
        <F>Okene</F>
      </Row>
      <Row index="192">
        <F>192</F>
        <F>193</F>
        <F>214</F>
        <F>Daloa</F>
      </Row>
      <Row index="193">
        <F>193</F>
        <F>194</F>
        <F>710</F>
        <F>Ngaoundere</F>
      </Row>
      <Row index="194">
        <F>194</F>
        <F>195</F>
        <F>142</F>
        <F>Assela</F>
      </Row>
      <Row index="195">
        <F>195</F>
        <F>196</F>
        <F>131</F>
        <F>Kenema</F>
      </Row>
      <Row index="196">
        <F>196</F>
        <F>197</F>
        <F>203</F>
        <F>Bouake</F>
      </Row>
      <Row index="197">
        <F>197</F>
        <F>198</F>
        <F>174</F>
        <F>Makurdi</F>
      </Row>
      <Row index="198">
        <F>198</F>
        <F>199</F>
        <F>676</F>
        <F>Waw</F>
      </Row>
      <Row index="199">
        <F>199</F>
        <F>200</F>
        <F>192</F>
        <F>Sunyani</F>
      </Row>
      <Row index="200">
        <F>200</F>
        <F>201</F>
        <F>318</F>
        <F>Kumasi</F>
      </Row>
      <Row index="201">
        <F>201</F>
        <F>202</F>
        <F>19</F>
        <F>Oyo</F>
      </Row>
      <Row index="202">
        <F>202</F>
        <F>203</F>
        <F>11</F>
        <F>Ilobu</F>
      </Row>
      <Row index="203">
        <F>203</F>
        <F>204</F>
        <F>665</F>
        <F>Amadi</F>
      </Row>
      <Row index="204">
        <F>204</F>
        <F>205</F>
        <F>894</F>
        <F>Shashemene</F>
      </Row>
      <Row index="205">
        <F>205</F>
        <F>206</F>
        <F>115</F>
        <F>Kpele</F>
      </Row>
      <Row index="206">
        <F>206</F>
        <F>207</F>
        <F>3</F>
        <F>Ejigbo</F>
      </Row>
      <Row index="207">
        <F>207</F>
        <F>208</F>
        <F>7</F>
        <F>Ikirun</F>
      </Row>
      <Row index="208">
        <F>208</F>
        <F>209</F>
        <F>13</F>
        <F>Ijero</F>
      </Row>
      <Row index="209">
        <F>209</F>
        <F>210</F>
        <F>18</F>
        <F>Ado</F>
      </Row>
      <Row index="210">
        <F>210</F>
        <F>211</F>
        <F>30</F>
        <F>Ikare</F>
      </Row>
      <Row index="211">
        <F>211</F>
        <F>212</F>
        <F>72</F>
        <F>Bouafle</F>
      </Row>
      <Row index="212">
        <F>212</F>
        <F>213</F>
        <F>54</F>
        <F>Igboora</F>
      </Row>
      <Row index="213">
        <F>213</F>
        <F>214</F>
        <F>4</F>
        <F>Inisa</F>
      </Row>
      <Row index="214">
        <F>214</F>
        <F>215</F>
        <F>9</F>
        <F>Ilesa</F>
      </Row>
      <Row index="215">
        <F>215</F>
        <F>216</F>
        <F>103</F>
        <F>Idah</F>
      </Row>
      <Row index="216">
        <F>216</F>
        <F>217</F>
        <F>185</F>
        <F>Bomihills</F>
      </Row>
      <Row index="217">
        <F>217</F>
        <F>218</F>
        <F>57</F>
        <F>Litime</F>
      </Row>
      <Row index="218">
        <F>218</F>
        <F>219</F>
        <F>103</F>
        <F>Bohicon</F>
      </Row>
      <Row index="219">
        <F>219</F>
        <F>220</F>
        <F>10</F>
        <F>Iwo</F>
      </Row>
      <Row index="220">
        <F>220</F>
        <F>221</F>
        <F>2</F>
        <F>Ede</F>
      </Row>
      <Row index="221">
        <F>221</F>
        <F>222</F>
        <F>3</F>
        <F>Oshogbo</F>
      </Row>
      <Row index="222">
        <F>222</F>
        <F>223</F>
        <F>6</F>
        <F>Efonalaye</F>
      </Row>
      <Row index="223">
        <F>223</F>
        <F>224</F>
        <F>16</F>
        <F>Ise</F>
      </Row>
      <Row index="224">
        <F>224</F>
        <F>225</F>
        <F>125</F>
        <F>Gboko</F>
      </Row>
      <Row index="225">
        <F>225</F>
        <F>226</F>
        <F>10</F>
        <F>Ilawe</F>
      </Row>
      <Row index="226">
        <F>226</F>
        <F>227</F>
        <F>142</F>
        <F>Dimbokro</F>
      </Row>
      <Row index="227">
        <F>227</F>
        <F>228</F>
        <F>48</F>
        <F>Kpalime</F>
      </Row>
      <Row index="228">
        <F>228</F>
        <F>229</F>
        <F>63</F>
        <F>Abomey</F>
      </Row>
      <Row index="229">
        <F>229</F>
        <F>230</F>
        <F>37</F>
        <F>Ibadan</F>
      </Row>
      <Row index="230">
        <F>230</F>
        <F>231</F>
        <F>2</F>
        <F>Gbongan</F>
      </Row>
      <Row index="231">
        <F>231</F>
        <F>232</F>
        <F>14</F>
        <F>Ife</F>
      </Row>
      <Row index="232">
        <F>232</F>
        <F>233</F>
        <F>8</F>
        <F>Ikere</F>
      </Row>
      <Row index="233">
        <F>233</F>
        <F>234</F>
        <F>95</F>
        <F>Aku</F>
      </Row>
      <Row index="234">
        <F>234</F>
        <F>235</F>
        <F>133</F>
        <F>Ho</F>
      </Row>
      <Row index="235">
        <F>235</F>
        <F>236</F>
        <F>19</F>
        <F>Modakeke</F>
      </Row>
      <Row index="236">
        <F>236</F>
        <F>237</F>
        <F>322</F>
        <F>Meiganga</F>
      </Row>
      <Row index="237">
        <F>237</F>
        <F>238</F>
        <F>388</F>
        <F>Harbel</F>
      </Row>
      <Row index="238">
        <F>238</F>
        <F>239</F>
        <F>122</F>
        <F>Nkawkaw</F>
      </Row>
      <Row index="239">
        <F>239</F>
        <F>240</F>
        <F>23</F>
        <F>Akure</F>
      </Row>
      <Row index="240">
        <F>240</F>
        <F>241</F>
        <F>88</F>
        <F>Yamoussoukro</F>
      </Row>
      <Row index="241">
        <F>241</F>
        <F>242</F>
        <F>28</F>
        <F>Abeokuta</F>
      </Row>
      <Row index="242">
        <F>242</F>
        <F>243</F>
        <F>5</F>
        <F>Ikire</F>
      </Row>
      <Row index="243">
        <F>243</F>
        <F>244</F>
        <F>104</F>
        <F>Ondo</F>
      </Row>
      <Row index="244">
        <F>244</F>
        <F>245</F>
        <F>34</F>
        <F>Owo</F>
      </Row>
      <Row index="245">
        <F>245</F>
        <F>246</F>
        <F>271</F>
        <F>Foumban</F>
      </Row>
      <Row index="246">
        <F>246</F>
        <F>247</F>
        <F>994</F>
        <F>Awassa</F>
      </Row>
      <Row index="247">
        <F>247</F>
        <F>248</F>
        <F>112</F>
        <F>Kumbo</F>
      </Row>
      <Row index="248">
        <F>248</F>
        <F>249</F>
        <F>796</F>
        <F>Bouar</F>
      </Row>
      <Row index="249">
        <F>249</F>
        <F>250</F>
        <F>21</F>
        <F>Ifo</F>
      </Row>
      <Row index="250">
        <F>250</F>
        <F>251</F>
        <F>18</F>
        <F>Shagamu</F>
      </Row>
      <Row index="251">
        <F>251</F>
        <F>252</F>
        <F>20</F>
        <F>Ijebuigbo</F>
      </Row>
      <Row index="252">
        <F>252</F>
        <F>253</F>
        <F>59</F>
        <F>Uromi</F>
      </Row>
      <Row index="253">
        <F>253</F>
        <F>254</F>
        <F>47</F>
        <F>Otukpo</F>
      </Row>
      <Row index="254">
        <F>254</F>
        <F>255</F>
        <F>1634</F>
        <F>Arbaminch</F>
      </Row>
      <Row index="255">
        <F>255</F>
        <F>256</F>
        <F>52</F>
        <F>Porto Novo</F>
      </Row>
      <Row index="256">
        <F>256</F>
        <F>257</F>
        <F>30</F>
        <F>Effium</F>
      </Row>
      <Row index="257">
        <F>257</F>
        <F>258</F>
        <F>133</F>
        <F>Wum</F>
      </Row>
      <Row index="258">
        <F>258</F>
        <F>259</F>
        <F>45</F>
        <F>Enugu</F>
      </Row>
      <Row index="259">
        <F>259</F>
        <F>260</F>
        <F>23</F>
        <F>Ijebuode</F>
      </Row>
      <Row index="260">
        <F>260</F>
        <F>261</F>
        <F>944</F>
        <F>Bangui</F>
      </Row>
      <Row index="261">
        <F>261</F>
        <F>262</F>
        <F>33</F>
        <F>Sinfra</F>
      </Row>
      <Row index="262">
        <F>262</F>
        <F>263</F>
        <F>40</F>
        <F>Sectaurdafragnag</F>
      </Row>
      <Row index="263">
        <F>263</F>
        <F>264</F>
        <F>22</F>
        <F>Sangoota</F>
      </Row>
      <Row index="264">
        <F>264</F>
        <F>265</F>
        <F>93</F>
        <F>Benin</F>
      </Row>
      <Row index="265">
        <F>265</F>
        <F>266</F>
        <F>46</F>
        <F>Abakaliki</F>
      </Row>
      <Row index="266">
        <F>266</F>
        <F>267</F>
        <F>13</F>
        <F>Ikorodu</F>
      </Row>
      <Row index="267">
        <F>267</F>
        <F>268</F>
        <F>75</F>
        <F>Koforidua</F>
      </Row>
      <Row index="268">
        <F>268</F>
        <F>269</F>
        <F>29</F>
        <F>Epe</F>
      </Row>
      <Row index="269">
        <F>269</F>
        <F>270</F>
        <F>16</F>
        <F>Okpoko</F>
      </Row>
      <Row index="270">
        <F>270</F>
        <F>271</F>
        <F>70</F>
        <F>Adzope</F>
      </Row>
      <Row index="271">
        <F>271</F>
        <F>272</F>
        <F>12</F>
        <F>Tafo</F>
      </Row>
      <Row index="272">
        <F>272</F>
        <F>273</F>
        <F>29</F>
        <F>Onitsha</F>
      </Row>
      <Row index="273">
        <F>273</F>
        <F>274</F>
        <F>12</F>
        <F>Nkpor</F>
      </Row>
      <Row index="274">
        <F>274</F>
        <F>275</F>
        <F>23</F>
        <F>Awka</F>
      </Row>
      <Row index="275">
        <F>275</F>
        <F>276</F>
        <F>86</F>
        <F>Gagnoa</F>
      </Row>
      <Row index="276">
        <F>276</F>
        <F>277</F>
        <F>45</F>
        <F>Lome</F>
      </Row>
      <Row index="277">
        <F>277</F>
        <F>278</F>
        <F>4</F>
        <F>Lagos</F>
      </Row>
      <Row index="278">
        <F>278</F>
        <F>279</F>
        <F>15</F>
        <F>Ishieke</F>
      </Row>
      <Row index="279">
        <F>279</F>
        <F>280</F>
        <F>123</F>
        <F>Ikom</F>
      </Row>
      <Row index="280">
        <F>280</F>
        <F>281</F>
        <F>1858</F>
        <F>Mogadishu</F>
      </Row>
      <Row index="281">
        <F>281</F>
        <F>282</F>
        <F>1</F>
        <F>Monrovia</F>
      </Row>
      <Row index="282">
        <F>282</F>
        <F>283</F>
        <F>157</F>
        <F>Soubre</F>
      </Row>
      <Row index="283">
        <F>283</F>
        <F>284</F>
        <F>108</F>
        <F>Obuasi</F>
      </Row>
      <Row index="284">
        <F>284</F>
        <F>285</F>
        <F>1</F>
        <F>Cotonou</F>
      </Row>
      <Row index="285">
        <F>285</F>
        <F>286</F>
        <F>43</F>
        <F>Agbor</F>
      </Row>
      <Row index="286">
        <F>286</F>
        <F>287</F>
        <F>78</F>
        <F>Ndouci</F>
      </Row>
      <Row index="287">
        <F>287</F>
        <F>288</F>
        <F>30</F>
        <F>Agbovllle</F>
      </Row>
      <Row index="288">
        <F>288</F>
        <F>289</F>
        <F>974</F>
        <F>Nzra</F>
      </Row>
      <Row index="289">
        <F>289</F>
        <F>290</F>
        <F>1078</F>
        <F>Juba</F>
      </Row>
      <Row index="290">
        <F>290</F>
        <F>291</F>
        <F>96</F>
        <F>Divo</F>
      </Row>
      <Row index="291">
        <F>291</F>
        <F>292</F>
        <F>63</F>
        <F>Dschang</F>
      </Row>
      <Row index="292">
        <F>292</F>
        <F>293</F>
        <F>223</F>
        <F>Agonaswedru</F>
      </Row>
      <Row index="293">
        <F>293</F>
        <F>294</F>
        <F>3</F>
        <F>Agulu</F>
      </Row>
      <Row index="294">
        <F>294</F>
        <F>295</F>
        <F>9</F>
        <F>Afikpo</F>
      </Row>
      <Row index="295">
        <F>295</F>
        <F>296</F>
        <F>49</F>
        <F>Bamenda</F>
      </Row>
      <Row index="296">
        <F>296</F>
        <F>297</F>
        <F>30</F>
        <F>Temanewtown</F>
      </Row>
      <Row index="297">
        <F>297</F>
        <F>298</F>
        <F>52</F>
        <F>Sapele</F>
      </Row>
      <Row index="298">
        <F>298</F>
        <F>299</F>
        <F>3</F>
        <F>Obosi</F>
      </Row>
      <Row index="299">
        <F>299</F>
        <F>300</F>
        <F>4</F>
        <F>Nnewi</F>
      </Row>
      <Row index="300">
        <F>300</F>
        <F>301</F>
        <F>27</F>
        <F>Okigwe</F>
      </Row>
      <Row index="301">
        <F>301</F>
        <F>302</F>
        <F>39</F>
        <F>Ugep</F>
      </Row>
      <Row index="302">
        <F>302</F>
        <F>303</F>
        <F>129</F>
        <F>Abidjan</F>
      </Row>
      <Row index="303">
        <F>303</F>
        <F>304</F>
        <F>8</F>
        <F>Igboukwu</F>
      </Row>
      <Row index="304">
        <F>304</F>
        <F>305</F>
        <F>19</F>
        <F>Amaigbo</F>
      </Row>
      <Row index="305">
        <F>305</F>
        <F>306</F>
        <F>10</F>
        <F>Nsawam</F>
      </Row>
      <Row index="306">
        <F>306</F>
        <F>307</F>
        <F>17</F>
        <F>Ihiala</F>
      </Row>
      <Row index="307">
        <F>307</F>
        <F>308</F>
        <F>2</F>
        <F>Ozubulu</F>
      </Row>
      <Row index="308">
        <F>308</F>
        <F>309</F>
        <F>265</F>
        <F>Bafia</F>
      </Row>
      <Row index="309">
        <F>309</F>
        <F>310</F>
        <F>1232</F>
        <F>Bertoua</F>
      </Row>
      <Row index="310">
        <F>310</F>
        <F>311</F>
        <F>28</F>
        <F>Anyama</F>
      </Row>
      <Row index="311">
        <F>311</F>
        <F>312</F>
        <F>63</F>
        <F>Ughelli</F>
      </Row>
      <Row index="312">
        <F>312</F>
        <F>313</F>
        <F>43</F>
        <F>Bafoussam</F>
      </Row>
      <Row index="313">
        <F>313</F>
        <F>314</F>
        <F>331</F>
        <F>Sanpedro</F>
      </Row>
      <Row index="314">
        <F>314</F>
        <F>315</F>
        <F>45</F>
        <F>Owerri</F>
      </Row>
      <Row index="315">
        <F>315</F>
        <F>316</F>
        <F>11</F>
        <F>Mbouda</F>
      </Row>
      <Row index="316">
        <F>316</F>
        <F>317</F>
        <F>2</F>
        <F>Ashiaman</F>
      </Row>
      <Row index="317">
        <F>317</F>
        <F>318</F>
        <F>6</F>
        <F>Accra</F>
      </Row>
      <Row index="318">
        <F>318</F>
        <F>319</F>
        <F>81</F>
        <F>Warri</F>
      </Row>
      <Row index="319">
        <F>319</F>
        <F>320</F>
        <F>22</F>
        <F>Umuahia</F>
      </Row>
      <Row index="320">
        <F>320</F>
        <F>321</F>
        <F>88</F>
        <F>Calabar</F>
      </Row>
      <Row index="321">
        <F>321</F>
        <F>322</F>
        <F>1397</F>
        <F>Merka</F>
      </Row>
      <Row index="322">
        <F>322</F>
        <F>323</F>
        <F>36</F>
        <F>Dabou</F>
      </Row>
      <Row index="323">
        <F>323</F>
        <F>324</F>
        <F>47</F>
        <F>Uyo</F>
      </Row>
      <Row index="324">
        <F>324</F>
        <F>325</F>
        <F>61</F>
        <F>Loum</F>
      </Row>
      <Row index="325">
        <F>325</F>
        <F>326</F>
        <F>4</F>
        <F>Winneba</F>
      </Row>
      <Row index="326">
        <F>326</F>
        <F>327</F>
        <F>20</F>
        <F>Ikotekpene</F>
      </Row>
      <Row index="327">
        <F>327</F>
        <F>328</F>
        <F>80</F>
        <F>Bafang</F>
      </Row>
      <Row index="328">
        <F>328</F>
        <F>329</F>
        <F>1699</F>
        <F>Isiro</F>
      </Row>
      <Row index="329">
        <F>329</F>
        <F>330</F>
        <F>51</F>
        <F>Aba</F>
      </Row>
      <Row index="330">
        <F>330</F>
        <F>331</F>
        <F>48</F>
        <F>Okrika</F>
      </Row>
      <Row index="331">
        <F>331</F>
        <F>332</F>
        <F>50</F>
        <F>Kumba</F>
      </Row>
      <Row index="332">
        <F>332</F>
        <F>333</F>
        <F>1628</F>
        <F>Berberati</F>
      </Row>
      <Row index="333">
        <F>333</F>
        <F>334</F>
        <F>109</F>
        <F>Yambio</F>
      </Row>
      <Row index="334">
        <F>334</F>
        <F>335</F>
        <F>1549</F>
        <F>Bumba</F>
      </Row>
      <Row index="335">
        <F>335</F>
        <F>336</F>
        <F>90</F>
        <F>Bugama</F>
      </Row>
      <Row index="336">
        <F>336</F>
        <F>337</F>
        <F>19</F>
        <F>Oron</F>
      </Row>
      <Row index="337">
        <F>337</F>
        <F>338</F>
        <F>9</F>
        <F>Nkongsamba</F>
      </Row>
      <Row index="338">
        <F>338</F>
        <F>339</F>
        <F>350</F>
        <F>Yaounde</F>
      </Row>
      <Row index="339">
        <F>339</F>
        <F>340</F>
        <F>35</F>
        <F>Buea</F>
      </Row>
      <Row index="340">
        <F>340</F>
        <F>341</F>
        <F>1</F>
        <F>Port Harcourt</F>
      </Row>
      <Row index="341">
        <F>341</F>
        <F>342</F>
        <F>458</F>
        <F>Yei</F>
      </Row>
      <Row index="342">
        <F>342</F>
        <F>343</F>
        <F>70</F>
        <F>Douala</F>
      </Row>
      <Row index="343">
        <F>343</F>
        <F>344</F>
        <F>832</F>
        <F>Gemena</F>
      </Row>
      <Row index="344">
        <F>344</F>
        <F>345</F>
        <F>905</F>
        <F>Gulu</F>
      </Row>
      <Row index="345">
        <F>345</F>
        <F>346</F>
        <F>622</F>
        <F>Soroti</F>
      </Row>
      <Row index="346">
        <F>346</F>
        <F>347</F>
        <F>178</F>
        <F>Edea</F>
      </Row>
      <Row index="347">
        <F>347</F>
        <F>348</F>
        <F>11</F>
        <F>Tiko</F>
      </Row>
      <Row index="348">
        <F>348</F>
        <F>349</F>
        <F>699</F>
        <F>Kitale</F>
      </Row>
      <Row index="349">
        <F>349</F>
        <F>350</F>
        <F>1</F>
        <F>Limbe</F>
      </Row>
      <Row index="350">
        <F>350</F>
        <F>351</F>
        <F>786</F>
        <F>Jamame</F>
      </Row>
      <Row index="351">
        <F>351</F>
        <F>352</F>
        <F>23</F>
        <F>Malabo</F>
      </Row>
      <Row index="352">
        <F>352</F>
        <F>353</F>
        <F>2275</F>
        <F>Garissa</F>
      </Row>
      <Row index="353">
        <F>353</F>
        <F>354</F>
        <F>945</F>
        <F>Ebolowa</F>
      </Row>
      <Row index="354">
        <F>354</F>
        <F>355</F>
        <F>797</F>
        <F>Lisala</F>
      </Row>
      <Row index="355">
        <F>355</F>
        <F>356</F>
        <F>485</F>
        <F>Bunia</F>
      </Row>
      <Row index="356">
        <F>356</F>
        <F>357</F>
        <F>273</F>
        <F>Binga</F>
      </Row>
      <Row index="357">
        <F>357</F>
        <F>358</F>
        <F>776</F>
        <F>Nakuru</F>
      </Row>
      <Row index="358">
        <F>358</F>
        <F>359</F>
        <F>606</F>
        <F>Kismayo</F>
      </Row>
      <Row index="359">
        <F>359</F>
        <F>360</F>
        <F>2263</F>
        <F>Kisangani</F>
      </Row>
      <Row index="360">
        <F>360</F>
        <F>361</F>
        <F>1431</F>
        <F>Bata</F>
      </Row>
      <Row index="361">
        <F>361</F>
        <F>362</F>
        <F>179</F>
        <F>Mbale</F>
      </Row>
      <Row index="362">
        <F>362</F>
        <F>363</F>
        <F>2393</F>
        <F>Mbandaka</F>
      </Row>
      <Row index="363">
        <F>363</F>
        <F>364</F>
        <F>278</F>
        <F>Fortportal</F>
      </Row>
      <Row index="364">
        <F>364</F>
        <F>365</F>
        <F>256</F>
        <F>Beni</F>
      </Row>
      <Row index="365">
        <F>365</F>
        <F>366</F>
        <F>322</F>
        <F>Kampala</F>
      </Row>
      <Row index="366">
        <F>366</F>
        <F>367</F>
        <F>181</F>
        <F>Njeru</F>
      </Row>
      <Row index="367">
        <F>367</F>
        <F>368</F>
        <F>134</F>
        <F>Eldoret</F>
      </Row>
      <Row index="368">
        <F>368</F>
        <F>369</F>
        <F>427</F>
        <F>Butembo</F>
      </Row>
      <Row index="369">
        <F>369</F>
        <F>370</F>
        <F>467</F>
        <F>Masaka</F>
      </Row>
      <Row index="370">
        <F>370</F>
        <F>371</F>
        <F>82</F>
        <F>Kakamega</F>
      </Row>
      <Row index="371">
        <F>371</F>
        <F>372</F>
        <F>1329</F>
        <F>Brazaville</F>
      </Row>
      <Row index="372">
        <F>372</F>
        <F>373</F>
        <F>500</F>
        <F>Thika</F>
      </Row>
      <Row index="373">
        <F>373</F>
        <F>374</F>
        <F>1</F>
        <F>Libreville</F>
      </Row>
      <Row index="374">
        <F>374</F>
        <F>375</F>
        <F>412</F>
        <F>Port Gentil</F>
      </Row>
      <Row index="375">
        <F>375</F>
        <F>376</F>
        <F>306</F>
        <F>Mbarara</F>
      </Row>
      <Row index="376">
        <F>376</F>
        <F>377</F>
        <F>1</F>
        <F>Entebbe</F>
      </Row>
      <Row index="377">
        <F>377</F>
        <F>378</F>
        <F>340</F>
        <F>Kisumu</F>
      </Row>
      <Row index="378">
        <F>378</F>
        <F>379</F>
        <F>674</F>
        <F>Nkayi</F>
      </Row>
      <Row index="379">
        <F>379</F>
        <F>380</F>
        <F>1003</F>
        <F>Loubomo</F>
      </Row>
      <Row index="380">
        <F>380</F>
        <F>381</F>
        <F>406</F>
        <F>Goma</F>
      </Row>
      <Row index="381">
        <F>381</F>
        <F>382</F>
        <F>512</F>
        <F>Musoma</F>
      </Row>
      <Row index="382">
        <F>382</F>
        <F>383</F>
        <F>512</F>
        <F>Nairobi</F>
      </Row>
      <Row index="383">
        <F>383</F>
        <F>384</F>
        <F>2038</F>
        <F>Kindu</F>
      </Row>
      <Row index="384">
        <F>384</F>
        <F>385</F>
        <F>43</F>
        <F>Bukoba</F>
      </Row>
      <Row index="385">
        <F>385</F>
        <F>386</F>
        <F>1</F>
        <F>Sao Tome</F>
      </Row>
      <Row index="386">
        <F>386</F>
        <F>387</F>
        <F>1088</F>
        <F>Bandundu</F>
      </Row>
      <Row index="387">
        <F>387</F>
        <F>388</F>
        <F>552</F>
        <F>Bukavu</F>
      </Row>
      <Row index="388">
        <F>388</F>
        <F>389</F>
        <F>228</F>
        <F>Kigali</F>
      </Row>
      <Row index="389">
        <F>389</F>
        <F>390</F>
        <F>122</F>
        <F>Sengerama</F>
      </Row>
      <Row index="390">
        <F>390</F>
        <F>391</F>
        <F>1397</F>
        <F>Ilebo</F>
      </Row>
      <Row index="391">
        <F>391</F>
        <F>392</F>
        <F>359</F>
        <F>Geita</F>
      </Row>
      <Row index="392">
        <F>392</F>
        <F>393</F>
        <F>63</F>
        <F>Mwanza</F>
      </Row>
      <Row index="393">
        <F>393</F>
        <F>394</F>
        <F>124</F>
        <F>Magu</F>
      </Row>
      <Row index="394">
        <F>394</F>
        <F>395</F>
        <F>484</F>
        <F>Moshi</F>
      </Row>
      <Row index="395">
        <F>395</F>
        <F>396</F>
        <F>242</F>
        <F>Loandjili</F>
      </Row>
      <Row index="396">
        <F>396</F>
        <F>397</F>
        <F>385</F>
        <F>Arusha</F>
      </Row>
      <Row index="397">
        <F>397</F>
        <F>398</F>
        <F>135</F>
        <F>Muyinga</F>
      </Row>
      <Row index="398">
        <F>398</F>
        <F>399</F>
        <F>425</F>
        <F>Korogwe</F>
      </Row>
      <Row index="399">
        <F>399</F>
        <F>400</F>
        <F>206</F>
        <F>Mwadui</F>
      </Row>
      <Row index="400">
        <F>400</F>
        <F>401</F>
        <F>266</F>
        <F>Gitega</F>
      </Row>
      <Row index="401">
        <F>401</F>
        <F>402</F>
        <F>175</F>
        <F>Uvira</F>
      </Row>
      <Row index="402">
        <F>402</F>
        <F>403</F>
        <F>43</F>
        <F>Bujumbura</F>
      </Row>
      <Row index="403">
        <F>403</F>
        <F>404</F>
        <F>1664</F>
        <F>Kikwit</F>
      </Row>
      <Row index="404">
        <F>404</F>
        <F>405</F>
        <F>292</F>
        <F>Babati</F>
      </Row>
      <Row index="405">
        <F>405</F>
        <F>406</F>
        <F>176</F>
        <F>Shinyanga</F>
      </Row>
      <Row index="406">
        <F>406</F>
        <F>407</F>
        <F>167</F>
        <F>Kiomboi</F>
      </Row>
      <Row index="407">
        <F>407</F>
        <F>408</F>
        <F>78</F>
        <F>Ngamabamfilou</F>
      </Row>
      <Row index="408">
        <F>408</F>
        <F>409</F>
        <F>752</F>
        <F>Kananga</F>
      </Row>
      <Row index="409">
        <F>409</F>
        <F>410</F>
        <F>201</F>
        <F>Same</F>
      </Row>
      <Row index="410">
        <F>410</F>
        <F>411</F>
        <F>251</F>
        <F>Kinshasa</F>
      </Row>
      <Row index="411">
        <F>411</F>
        <F>412</F>
        <F>774</F>
        <F>Tabora</F>
      </Row>
      <Row index="412">
        <F>412</F>
        <F>413</F>
        <F>899</F>
        <F>Kalemie</F>
      </Row>
      <Row index="413">
        <F>413</F>
        <F>414</F>
        <F>299</F>
        <F>Kigoma</F>
      </Row>
      <Row index="414">
        <F>414</F>
        <F>415</F>
        <F>429</F>
        <F>Singida</F>
      </Row>
      <Row index="415">
        <F>415</F>
        <F>416</F>
        <F>173</F>
        <F>Bakwakalondji</F>
      </Row>
      <Row index="416">
        <F>416</F>
        <F>417</F>
        <F>166</F>
        <F>Tshilenge</F>
      </Row>
      <Row index="417">
        <F>417</F>
        <F>418</F>
        <F>208</F>
        <F>Urambo</F>
      </Row>
      <Row index="418">
        <F>418</F>
        <F>419</F>
        <F>924</F>
        <F>Mbanzangungu</F>
      </Row>
      <Row index="419">
        <F>419</F>
        <F>420</F>
        <F>202</F>
        <F>Mpwapwa</F>
      </Row>
      <Row index="420">
        <F>420</F>
        <F>421</F>
        <F>52</F>
        <F>Cabinda</F>
      </Row>
      <Row index="421">
        <F>421</F>
        <F>422</F>
        <F>104</F>
        <F>Boma</F>
      </Row>
      <Row index="422">
        <F>422</F>
        <F>423</F>
        <F>363</F>
        <F>Matadi</F>
      </Row>
      <Row index="423">
        <F>423</F>
        <F>424</F>
        <F>600</F>
        <F>Gandajika</F>
      </Row>
      <Row index="424">
        <F>424</F>
        <F>425</F>
        <F>240</F>
        <F>Handeni</F>
      </Row>
      <Row index="425">
        <F>425</F>
        <F>426</F>
        <F>1986</F>
        <F>Tshikapa</F>
      </Row>
      <Row index="426">
        <F>426</F>
        <F>427</F>
        <F>1276</F>
        <F>Manono</F>
      </Row>
      <Row index="427">
        <F>427</F>
        <F>428</F>
        <F>453</F>
        <F>Dodoma</F>
      </Row>
      <Row index="428">
        <F>428</F>
        <F>429</F>
        <F>22</F>
        <F>Zanzibar</F>
      </Row>
      <Row index="429">
        <F>429</F>
        <F>430</F>
        <F>88</F>
        <F>Mbujimayi</F>
      </Row>
      <Row index="430">
        <F>430</F>
        <F>431</F>
        <F>134</F>
        <F>Moanda</F>
      </Row>
      <Row index="431">
        <F>431</F>
        <F>432</F>
        <F>538</F>
        <F>Mpanda</F>
      </Row>
      <Row index="432">
        <F>432</F>
        <F>433</F>
        <F>64</F>
        <F>Kimamba</F>
      </Row>
      <Row index="433">
        <F>433</F>
        <F>434</F>
        <F>163</F>
        <F>Kibaha</F>
      </Row>
      <Row index="434">
        <F>434</F>
        <F>435</F>
        <F>182</F>
        <F>Morogoro</F>
      </Row>
      <Row index="435">
        <F>435</F>
        <F>436</F>
        <F>1</F>
        <F>Bagamoyo</F>
      </Row>
      <Row index="436">
        <F>436</F>
        <F>437</F>
        <F>520</F>
        <F>Mweneditu</F>
      </Row>
      <Row index="437">
        <F>437</F>
        <F>438</F>
        <F>74</F>
        <F>Kilosa</F>
      </Row>
      <Row index="438">
        <F>438</F>
        <F>439</F>
        <F>283</F>
        <F>Daressalaam</F>
      </Row>
      <Row index="439">
        <F>439</F>
        <F>440</F>
        <F>1196</F>
        <F>Kamina</F>
      </Row>
      <Row index="440">
        <F>440</F>
        <F>441</F>
        <F>309</F>
        <F>Iringa</F>
      </Row>
      <Row index="441">
        <F>441</F>
        <F>442</F>
        <F>831</F>
        <F>Luanda</F>
      </Row>
      <Row index="442">
        <F>442</F>
        <F>443</F>
        <F>514</F>
        <F>Sumbawanga</F>
      </Row>
      <Row index="443">
        <F>443</F>
        <F>444</F>
        <F>48</F>
        <F>Kidodi</F>
      </Row>
      <Row index="444">
        <F>444</F>
        <F>445</F>
        <F>145</F>
        <F>Kidatu</F>
      </Row>
      <Row index="445">
        <F>445</F>
        <F>446</F>
        <F>668</F>
        <F>Mbeya</F>
      </Row>
      <Row index="446">
        <F>446</F>
        <F>447</F>
        <F>324</F>
        <F>Makambako</F>
      </Row>
      <Row index="447">
        <F>447</F>
        <F>448</F>
        <F>1741</F>
        <F>Kasama</F>
      </Row>
      <Row index="448">
        <F>448</F>
        <F>449</F>
        <F>247</F>
        <F>Ifakara</F>
      </Row>
      <Row index="449">
        <F>449</F>
        <F>450</F>
        <F>335</F>
        <F>Bukama</F>
      </Row>
      <Row index="450">
        <F>450</F>
        <F>451</F>
        <F>213</F>
        <F>Mahenge</F>
      </Row>
      <Row index="451">
        <F>451</F>
        <F>452</F>
        <F>797</F>
        <F>Viana</F>
      </Row>
      <Row index="452">
        <F>452</F>
        <F>453</F>
        <F>352</F>
        <F>Lindi</F>
      </Row>
      <Row index="453">
        <F>453</F>
        <F>454</F>
        <F>5689</F>
        <F>Huambo</F>
      </Row>
      <Row index="454">
        <F>454</F>
        <F>455</F>
        <F>498</F>
        <F>Likasi</F>
      </Row>
      <Row index="455">
        <F>455</F>
        <F>456</F>
        <F>203</F>
        <F>Njombe</F>
      </Row>
      <Row index="456">
        <F>456</F>
        <F>457</F>
        <F>97</F>
        <F>Malanje</F>
      </Row>
      <Row index="457">
        <F>457</F>
        <F>458</F>
        <F>513</F>
        <F>Lubumbashi</F>
      </Row>
      <Row index="458">
        <F>458</F>
        <F>459</F>
        <F>377</F>
        <F>Masasi</F>
      </Row>
      <Row index="459">
        <F>459</F>
        <F>460</F>
        <F>98</F>
        <F>Kambove</F>
      </Row>
      <Row index="460">
        <F>460</F>
        <F>461</F>
        <F>602</F>
        <F>Songea</F>
      </Row>
      <Row index="461">
        <F>461</F>
        <F>462</F>
        <F>2341</F>
        <F>Kolwezi</F>
      </Row>
      <Row index="462">
        <F>462</F>
        <F>463</F>
        <F>585</F>
        <F>Tunduru</F>
      </Row>
      <Row index="463">
        <F>463</F>
        <F>464</F>
        <F>451</F>
        <F>Mzuzu</F>
      </Row>
      <Row index="464">
        <F>464</F>
        <F>465</F>
        <F>1</F>
        <F>Mtwara</F>
      </Row>
      <Row index="465">
        <F>465</F>
        <F>466</F>
        <F>302</F>
        <F>Lobito</F>
      </Row>
      <Row index="466">
        <F>466</F>
        <F>467</F>
        <F>205</F>
        <F>Newala</F>
      </Row>
      <Row index="467">
        <F>467</F>
        <F>468</F>
        <F>145</F>
        <F>Mufulira</F>
      </Row>
      <Row index="468">
        <F>468</F>
        <F>469</F>
        <F>206</F>
        <F>Kipushi</F>
      </Row>
      <Row index="469">
        <F>469</F>
        <F>470</F>
        <F>268</F>
        <F>Balamba</F>
      </Row>
      <Row index="470">
        <F>470</F>
        <F>471</F>
        <F>1002</F>
        <F>Chipata</F>
      </Row>
      <Row index="471">
        <F>471</F>
        <F>472</F>
        <F>686</F>
        <F>Lichinga</F>
      </Row>
      <Row index="472">
        <F>472</F>
        <F>473</F>
        <F>718</F>
        <F>Montepuez</F>
      </Row>
      <Row index="473">
        <F>473</F>
        <F>474</F>
        <F>366</F>
        <F>Nacala</F>
      </Row>
      <Row index="474">
        <F>474</F>
        <F>475</F>
        <F>790</F>
        <F>Antsiranana</F>
      </Row>
      <Row index="475">
        <F>475</F>
        <F>476</F>
        <F>86</F>
        <F>Chingola</F>
      </Row>
      <Row index="476">
        <F>476</F>
        <F>477</F>
        <F>24</F>
        <F>Chililabombwe</F>
      </Row>
      <Row index="477">
        <F>477</F>
        <F>478</F>
        <F>570</F>
        <F>Lilongwe</F>
      </Row>
      <Row index="478">
        <F>478</F>
        <F>479</F>
        <F>324</F>
        <F>Benguela</F>
      </Row>
      <Row index="479">
        <F>479</F>
        <F>480</F>
        <F>696</F>
        <F>Kitwe</F>
      </Row>
      <Row index="480">
        <F>480</F>
        <F>481</F>
        <F>611</F>
        <F>Kabwe</F>
      </Row>
      <Row index="481">
        <F>481</F>
        <F>482</F>
        <F>175</F>
        <F>Ndola</F>
      </Row>
      <Row index="482">
        <F>482</F>
        <F>483</F>
        <F>158</F>
        <F>Luanshya</F>
      </Row>
      <Row index="483">
        <F>483</F>
        <F>484</F>
        <F>1</F>
        <F>Pemba</F>
      </Row>
      <Row index="484">
        <F>484</F>
        <F>485</F>
        <F>472</F>
        <F>Cuamba</F>
      </Row>
      <Row index="485">
        <F>485</F>
        <F>486</F>
        <F>1095</F>
        <F>Lusaka</F>
      </Row>
      <Row index="486">
        <F>486</F>
        <F>487</F>
        <F>3222</F>
        <F>Lubango</F>
      </Row>
      <Row index="487">
        <F>487</F>
        <F>488</F>
        <F>3461</F>
        <F>Livingstone</F>
      </Row>
      <Row index="488">
        <F>488</F>
        <F>489</F>
        <F>528</F>
        <F>Nampula</F>
      </Row>
      <Row index="489">
        <F>489</F>
        <F>490</F>
        <F>268</F>
        <F>Zomba</F>
      </Row>
      <Row index="490">
        <F>490</F>
        <F>491</F>
        <F>2082</F>
        <F>Antananarivo</F>
      </Row>
      <Row index="491">
        <F>491</F>
        <F>492</F>
        <F>598</F>
        <F>Tete</F>
      </Row>
      <Row index="492">
        <F>492</F>
        <F>493</F>
        <F>1</F>
        <F>Mocambique</F>
      </Row>
      <Row index="493">
        <F>493</F>
        <F>494</F>
        <F>682</F>
        <F>Toamasina</F>
      </Row>
      <Row index="494">
        <F>494</F>
        <F>495</F>
        <F>483</F>
        <F>Blantyre</F>
      </Row>
      <Row index="495">
        <F>495</F>
        <F>496</F>
        <F>296</F>
        <F>Gurue</F>
      </Row>
      <Row index="496">
        <F>496</F>
        <F>497</F>
        <F>683</F>
        <F>Chinhoyi</F>
      </Row>
      <Row index="497">
        <F>497</F>
        <F>498</F>
        <F>389</F>
        <F>Kafue</F>
      </Row>
      <Row index="498">
        <F>498</F>
        <F>499</F>
        <F>361</F>
        <F>Harare</F>
      </Row>
      <Row index="499">
        <F>499</F>
        <F>500</F>
        <F>381</F>
        <F>Mocuba</F>
      </Row>
      <Row index="500">
        <F>500</F>
        <F>501</F>
        <F>1</F>
        <F>Mahajanga</F>
      </Row>
      <Row index="501">
        <F>501</F>
        <F>502</F>
        <F>335</F>
        <F>Mandie</F>
      </Row>
      <Row index="502">
        <F>502</F>
        <F>503</F>
        <F>494</F>
        <F>Quelimane</F>
      </Row>
      <Row index="503">
        <F>503</F>
        <F>504</F>
        <F>334</F>
        <F>Marondera</F>
      </Row>
      <Row index="504">
        <F>504</F>
        <F>505</F>
        <F>8888</F>
        <F>Windhoek</F>
      </Row>
      <Row index="505">
        <F>505</F>
        <F>506</F>
        <F>1816</F>
        <F>Hwange</F>
      </Row>
      <Row index="506">
        <F>506</F>
        <F>507</F>
        <F>269</F>
        <F>Queque</F>
      </Row>
      <Row index="507">
        <F>507</F>
        <F>508</F>
        <F>209</F>
        <F>Kadoma</F>
      </Row>
      <Row index="508">
        <F>508</F>
        <F>509</F>
        <F>434</F>
        <F>Chimoio</F>
      </Row>
      <Row index="509">
        <F>509</F>
        <F>510</F>
        <F>353</F>
        <F>Mutare</F>
      </Row>
      <Row index="510">
        <F>510</F>
        <F>511</F>
        <F>233</F>
        <F>Dondo</F>
      </Row>
      <Row index="511">
        <F>511</F>
        <F>512</F>
        <F>62</F>
        <F>Chitungwiza</F>
      </Row>
      <Row index="512">
        <F>512</F>
        <F>513</F>
        <F>865</F>
        <F>Antanifotsy</F>
      </Row>
      <Row index="513">
        <F>513</F>
        <F>514</F>
        <F>715</F>
        <F>Bulawayo</F>
      </Row>
      <Row index="514">
        <F>514</F>
        <F>515</F>
        <F>118</F>
        <F>Beira</F>
      </Row>
      <Row index="515">
        <F>515</F>
        <F>516</F>
        <F>233</F>
        <F>Gweru</F>
      </Row>
      <Row index="516">
        <F>516</F>
        <F>517</F>
        <F>812</F>
        <F>Masvingo</F>
      </Row>
      <Row index="517">
        <F>517</F>
        <F>518</F>
        <F>891</F>
        <F>Machaze</F>
      </Row>
      <Row index="518">
        <F>518</F>
        <F>519</F>
        <F>1068</F>
        <F>Francistown</F>
      </Row>
      <Row index="519">
        <F>519</F>
        <F>520</F>
        <F>1050</F>
        <F>Toliary</F>
      </Row>
      <Row index="520">
        <F>520</F>
        <F>521</F>
        <F>1178</F>
        <F>Fiarnarantsoa</F>
      </Row>
      <Row index="521">
        <F>521</F>
        <F>522</F>
        <F>2779</F>
        <F>Molepolole</F>
      </Row>
      <Row index="522">
        <F>522</F>
        <F>523</F>
        <F>710</F>
        <F>Selebiphikwe</F>
      </Row>
      <Row index="523">
        <F>523</F>
        <F>524</F>
        <F>995</F>
        <F>Seshego</F>
      </Row>
      <Row index="524">
        <F>524</F>
        <F>525</F>
        <F>513</F>
        <F>Xaixai</F>
      </Row>
      <Row index="525">
        <F>525</F>
        <F>526</F>
        <F>832</F>
        <F>Chokwe</F>
      </Row>
      <Row index="526">
        <F>526</F>
        <F>527</F>
        <F>487</F>
        <F>Gaborone</F>
      </Row>
      <Row index="527">
        <F>527</F>
        <F>528</F>
        <F>180</F>
        <F>Chibuto</F>
      </Row>
      <Row index="528">
        <F>528</F>
        <F>529</F>
        <F>695</F>
        <F>Ambovombe</F>
      </Row>
      <Row index="529">
        <F>529</F>
        <F>530</F>
        <F>355</F>
        <F>Rustenburg</F>
      </Row>
      <Row index="530">
        <F>530</F>
        <F>531</F>
        <F>236</F>
        <F>Thabamoopo</F>
      </Row>
      <Row index="531">
        <F>531</F>
        <F>532</F>
        <F>133</F>
        <F>Soshanguve</F>
      </Row>
      <Row index="532">
        <F>532</F>
        <F>533</F>
        <F>4651</F>
        <F>Upington</F>
      </Row>
      <Row index="533">
        <F>533</F>
        <F>534</F>
        <F>382</F>
        <F>Matola</F>
      </Row>
      <Row index="534">
        <F>534</F>
        <F>535</F>
        <F>447</F>
        <F>Mbabane</F>
      </Row>
      <Row index="535">
        <F>535</F>
        <F>536</F>
        <F>144</F>
        <F>Middelburg</F>
      </Row>
      <Row index="536">
        <F>536</F>
        <F>537</F>
        <F>78</F>
        <F>Cullinan</F>
      </Row>
      <Row index="537">
        <F>537</F>
        <F>538</F>
        <F>27</F>
        <F>Botshabelo</F>
      </Row>
      <Row index="538">
        <F>538</F>
        <F>539</F>
        <F>30</F>
        <F>Garankuwa</F>
      </Row>
      <Row index="539">
        <F>539</F>
        <F>540</F>
        <F>59</F>
        <F>Witbank</F>
      </Row>
      <Row index="540">
        <F>540</F>
        <F>541</F>
        <F>197</F>
        <F>Ermelo</F>
      </Row>
      <Row index="541">
        <F>541</F>
        <F>542</F>
        <F>4</F>
        <F>Pretoria</F>
      </Row>
      <Row index="542">
        <F>542</F>
        <F>543</F>
        <F>7</F>
        <F>Mamelodi</F>
      </Row>
      <Row index="543">
        <F>543</F>
        <F>544</F>
        <F>7</F>
        <F>Atteridgeville</F>
      </Row>
      <Row index="544">
        <F>544</F>
        <F>545</F>
        <F>221</F>
        <F>Klerksdorp</F>
      </Row>
      <Row index="545">
        <F>545</F>
        <F>546</F>
        <F>19</F>
        <F>Westrand</F>
      </Row>
      <Row index="546">
        <F>546</F>
        <F>547</F>
        <F>10</F>
        <F>Randburg</F>
      </Row>
      <Row index="547">
        <F>547</F>
        <F>548</F>
        <F>4</F>
        <F>Verwoerdburg</F>
      </Row>
      <Row index="548">
        <F>548</F>
        <F>549</F>
        <F>96</F>
        <F>Potchefstroom</F>
      </Row>
      <Row index="549">
        <F>549</F>
        <F>550</F>
        <F>4</F>
        <F>Tembisa</F>
      </Row>
      <Row index="550">
        <F>550</F>
        <F>551</F>
        <F>22</F>
        <F>Daveyton</F>
      </Row>
      <Row index="551">
        <F>551</F>
        <F>552</F>
        <F>1677</F>
        <F>Kimberley</F>
      </Row>
      <Row index="552">
        <F>552</F>
        <F>553</F>
        <F>2</F>
        <F>Sandton</F>
      </Row>
      <Row index="553">
        <F>553</F>
        <F>554</F>
        <F>1</F>
        <F>Midrand</F>
      </Row>
      <Row index="554">
        <F>554</F>
        <F>555</F>
        <F>21</F>
        <F>Khutsong</F>
      </Row>
      <Row index="555">
        <F>555</F>
        <F>556</F>
        <F>12</F>
        <F>Westonaria</F>
      </Row>
      <Row index="556">
        <F>556</F>
        <F>557</F>
        <F>2</F>
        <F>Kemptonpark</F>
      </Row>
      <Row index="557">
        <F>557</F>
        <F>558</F>
        <F>3</F>
        <F>Benoni</F>
      </Row>
      <Row index="558">
        <F>558</F>
        <F>559</F>
        <F>2</F>
        <F>Randfontein</F>
      </Row>
      <Row index="559">
        <F>559</F>
        <F>560</F>
        <F>2</F>
        <F>Roodepoort</F>
      </Row>
      <Row index="560">
        <F>560</F>
        <F>561</F>
        <F>2</F>
        <F>Johannesburg</F>
      </Row>
      <Row index="561">
        <F>561</F>
        <F>562</F>
        <F>2</F>
        <F>Germiston</F>
      </Row>
      <Row index="562">
        <F>562</F>
        <F>563</F>
        <F>17</F>
        <F>Carltonville</F>
      </Row>
      <Row index="563">
        <F>563</F>
        <F>564</F>
        <F>5</F>
        <F>Soweto</F>
      </Row>
      <Row index="564">
        <F>564</F>
        <F>565</F>
        <F>2</F>
        <F>Alberton</F>
      </Row>
      <Row index="565">
        <F>565</F>
        <F>566</F>
        <F>1</F>
        <F>Boksburg</F>
      </Row>
      <Row index="566">
        <F>566</F>
        <F>567</F>
        <F>1</F>
        <F>Eastrand</F>
      </Row>
      <Row index="567">
        <F>567</F>
        <F>568</F>
        <F>3</F>
        <F>Springs</F>
      </Row>
      <Row index="568">
        <F>568</F>
        <F>569</F>
        <F>21</F>
        <F>Nigel</F>
      </Row>
      <Row index="569">
        <F>569</F>
        <F>570</F>
        <F>42</F>
        <F>Embalenhle</F>
      </Row>
      <Row index="570">
        <F>570</F>
        <F>571</F>
        <F>7</F>
        <F>Tokoza</F>
      </Row>
      <Row index="571">
        <F>571</F>
        <F>572</F>
        <F>3</F>
        <F>Katlehong</F>
      </Row>
      <Row index="572">
        <F>572</F>
        <F>573</F>
        <F>1</F>
        <F>Tsakane</F>
      </Row>
      <Row index="573">
        <F>573</F>
        <F>574</F>
        <F>2</F>
        <F>Kwathema</F>
      </Row>
      <Row index="574">
        <F>574</F>
        <F>575</F>
        <F>8</F>
        <F>Evaton</F>
      </Row>
      <Row index="575">
        <F>575</F>
        <F>576</F>
        <F>53</F>
        <F>Heidelberg</F>
      </Row>
      <Row index="576">
        <F>576</F>
        <F>577</F>
        <F>14</F>
        <F>Vereeniging</F>
      </Row>
      <Row index="577">
        <F>577</F>
        <F>578</F>
        <F>4</F>
        <F>Vanderbijlpark</F>
      </Row>
      <Row index="578">
        <F>578</F>
        <F>579</F>
        <F>139</F>
        <F>Standerton</F>
      </Row>
      <Row index="579">
        <F>579</F>
        <F>580</F>
        <F>155</F>
        <F>Orkney</F>
      </Row>
      <Row index="580">
        <F>580</F>
        <F>581</F>
        <F>50</F>
        <F>Sasolburg</F>
      </Row>
      <Row index="581">
        <F>581</F>
        <F>582</F>
        <F>29</F>
        <F>Lekoa</F>
      </Row>
      <Row index="582">
        <F>582</F>
        <F>583</F>
        <F>10</F>
        <F>Jouberton</F>
      </Row>
      <Row index="583">
        <F>583</F>
        <F>584</F>
        <F>223</F>
        <F>Osizweni</F>
      </Row>
      <Row index="584">
        <F>584</F>
        <F>585</F>
        <F>104</F>
        <F>Kroonstad</F>
      </Row>
      <Row index="585">
        <F>585</F>
        <F>586</F>
        <F>59</F>
        <F>Madadeni</F>
      </Row>
      <Row index="586">
        <F>586</F>
        <F>587</F>
        <F>254</F>
        <F>Bethlehem</F>
      </Row>
      <Row index="587">
        <F>587</F>
        <F>588</F>
        <F>106</F>
        <F>Odendaalsrus</F>
      </Row>
      <Row index="588">
        <F>588</F>
        <F>589</F>
        <F>51</F>
        <F>Newcastle</F>
      </Row>
      <Row index="589">
        <F>589</F>
        <F>590</F>
        <F>10</F>
        <F>Kutlwanong</F>
      </Row>
      <Row index="590">
        <F>590</F>
        <F>591</F>
        <F>192</F>
        <F>Kwamashu</F>
      </Row>
      <Row index="591">
        <F>591</F>
        <F>592</F>
        <F>111</F>
        <F>Virginia</F>
      </Row>
      <Row index="592">
        <F>592</F>
        <F>593</F>
        <F>19</F>
        <F>Welkom</F>
      </Row>
      <Row index="593">
        <F>593</F>
        <F>594</F>
        <F>265</F>
        <F>Ladysmith</F>
      </Row>
      <Row index="594">
        <F>594</F>
        <F>595</F>
        <F>420</F>
        <F>Bloemfontein</F>
      </Row>
      <Row index="595">
        <F>595</F>
        <F>596</F>
        <F>159</F>
        <F>Mangaung</F>
      </Row>
      <Row index="596">
        <F>596</F>
        <F>597</F>
        <F>139</F>
        <F>Pietermaritzburg</F>
      </Row>
      <Row index="597">
        <F>597</F>
        <F>598</F>
        <F>154</F>
        <F>Teyateyaneng</F>
      </Row>
      <Row index="598">
        <F>598</F>
        <F>599</F>
        <F>201</F>
        <F>Maseru</F>
      </Row>
      <Row index="599">
        <F>599</F>
        <F>600</F>
        <F>324</F>
        <F>Ibhayi</F>
      </Row>
      <Row index="600">
        <F>600</F>
        <F>601</F>
        <F>106</F>
        <F>Edendale</F>
      </Row>
      <Row index="601">
        <F>601</F>
        <F>602</F>
        <F>9</F>
        <F>Kwandengezi</F>
      </Row>
      <Row index="602">
        <F>602</F>
        <F>603</F>
        <F>6</F>
        <F>Pinetown</F>
      </Row>
      <Row index="603">
        <F>603</F>
        <F>604</F>
        <F>15</F>
        <F>Epumalanga</F>
      </Row>
      <Row index="604">
        <F>604</F>
        <F>605</F>
        <F>618</F>
        <F>Atlantis</F>
      </Row>
      <Row index="605">
        <F>605</F>
        <F>606</F>
        <F>2</F>
        <F>Durban</F>
      </Row>
      <Row index="606">
        <F>606</F>
        <F>607</F>
        <F>118</F>
        <F>Ntuzuma</F>
      </Row>
      <Row index="607">
        <F>607</F>
        <F>608</F>
        <F>17</F>
        <F>Umlazi</F>
      </Row>
      <Row index="608">
        <F>608</F>
        <F>609</F>
        <F>744</F>
        <F>Queenstown</F>
      </Row>
      <Row index="609">
        <F>609</F>
        <F>610</F>
        <F>86</F>
        <F>Kwaguga</F>
      </Row>
      <Row index="610">
        <F>610</F>
        <F>611</F>
        <F>1200</F>
        <F>Oudtshoorn</F>
      </Row>
      <Row index="611">
        <F>611</F>
        <F>612</F>
        <F>726</F>
        <F>Worcester</F>
      </Row>
      <Row index="612">
        <F>612</F>
        <F>613</F>
        <F>221</F>
        <F>Butterworth</F>
      </Row>
      <Row index="613">
        <F>613</F>
        <F>614</F>
        <F>534</F>
        <F>Uitenhage</F>
      </Row>
      <Row index="614">
        <F>614</F>
        <F>615</F>
        <F>225</F>
        <F>Grahamstown</F>
      </Row>
      <Row index="615">
        <F>615</F>
        <F>616</F>
        <F>84</F>
        <F>Bisho</F>
      </Row>
      <Row index="616">
        <F>616</F>
        <F>617</F>
        <F>19</F>
        <F>Eastlondon</F>
      </Row>
      <Row index="617">
        <F>617</F>
        <F>618</F>
        <F>12</F>
        <F>Mdantsane</F>
      </Row>
      <Row index="618">
        <F>618</F>
        <F>619</F>
        <F>81</F>
        <F>Paarl</F>
      </Row>
      <Row index="619">
        <F>619</F>
        <F>620</F>
        <F>37</F>
        <F>Zwelitsha</F>
      </Row>
      <Row index="620">
        <F>620</F>
        <F>621</F>
        <F>17</F>
        <F>Port Elizabeth</F>
      </Row>
      <Row index="621">
        <F>621</F>
        <F>622</F>
        <F>96</F>
        <F>George</F>
      </Row>
      <Row index="622">
        <F>622</F>
        <F>623</F>
        <F>10</F>
        <F>Parow</F>
      </Row>
      <Row index="623">
        <F>623</F>
        <F>624</F>
        <F>11</F>
        <F>Stellenbosch</F>
      </Row>
      <Row index="624">
        <F>624</F>
        <F>625</F>
        <F>4</F>
        <F>Kwanobuhle</F>
      </Row>
      <Row index="625">
        <F>625</F>
        <F>626</F>
        <F>3</F>
        <F>Capetown</F>
      </Row>
      <Row index="626">
        <F>626</F>
        <F>627</F>
        <F>3</F>
        <F>Nyanga</F>
      </Row>
      <Row index="627">
        <F>627</F>
        <F>628</F>
        <F>14</F>
        <F>Somersetwest</F>
      </Row>
      <Row index="628">
        <F>628</F>
        <F>629</F>
        <F>4</F>
        <F>Grassypark</F>
      </Row>
    </GDALRasterAttributeTable>
    <Metadata>
      <MDI key="STATISTICS_COVARIANCES">39841.23525105713</MDI>
      <MDI key="STATISTICS_EXCLUDEDVALUES"></MDI>
      <MDI key="STATISTICS_MAXIMUM">629</MDI>
      <MDI key="STATISTICS_MEAN">266.10557708186</MDI>
      <MDI key="STATISTICS_MINIMUM">1</MDI>
      <MDI key="STATISTICS_SKIPFACTORX">1</MDI>
      <MDI key="STATISTICS_SKIPFACTORY">1</MDI>
      <MDI key="STATISTICS_STDDEV">199.6026934965</MDI>
    </Metadata>
  </PAMRasterBand>
</PAMDataset>
