<PAMDataset>
  <Metadata>
    <MDI key="DataType">Generic</MDI>
  </Metadata>
  <PAMRasterBand band="1">
    <Metadata>
      <MDI key="STATISTICS_COVARIANCES">93.42130064366316</MDI>
      <MDI key="STATISTICS_EXCLUDEDVALUES"></MDI>
      <MDI key="STATISTICS_MAXIMUM">86.636901855469</MDI>
      <MDI key="STATISTICS_MEAN">8.4087495388718</MDI>
      <MDI key="STATISTICS_MINIMUM">0.022637499496341</MDI>
      <MDI key="STATISTICS_SKIPFACTORX">1</MDI>
      <MDI key="STATISTICS_SKIPFACTORY">1</MDI>
      <MDI key="STATISTICS_STDDEV">9.6654694993913</MDI>
    </Metadata>
  </PAMRasterBand>
</PAMDataset>
