<PAMDataset>
  <Metadata>
    <MDI key="DataType">Generic</MDI>
  </Metadata>
  <PAMRasterBand band="1">
    <Metadata>
      <MDI key="STATISTICS_COVARIANCES">81.97181439803265</MDI>
      <MDI key="STATISTICS_EXCLUDEDVALUES"></MDI>
      <MDI key="STATISTICS_MAXIMUM">83.857696533203</MDI>
      <MDI key="STATISTICS_MEAN">7.2971620185833</MDI>
      <MDI key="STATISTICS_MINIMUM">0.021934499964118</MDI>
      <MDI key="STATISTICS_SKIPFACTORX">1</MDI>
      <MDI key="STATISTICS_SKIPFACTORY">1</MDI>
      <MDI key="STATISTICS_STDDEV">9.0538287148605</MDI>
    </Metadata>
  </PAMRasterBand>
</PAMDataset>
