<PAMDataset>
  <Metadata>
    <MDI key="DataType">Generic</MDI>
  </Metadata>
  <PAMRasterBand band="1">
    <Metadata>
      <MDI key="STATISTICS_COVARIANCES">103.2523809860685</MDI>
      <MDI key="STATISTICS_EXCLUDEDVALUES"></MDI>
      <MDI key="STATISTICS_MAXIMUM">87.491897583008</MDI>
      <MDI key="STATISTICS_MEAN">9.5588576168947</MDI>
      <MDI key="STATISTICS_MINIMUM">0.022637499496341</MDI>
      <MDI key="STATISTICS_SKIPFACTORX">1</MDI>
      <MDI key="STATISTICS_SKIPFACTORY">1</MDI>
      <MDI key="STATISTICS_STDDEV">10.16131787644</MDI>
    </Metadata>
  </PAMRasterBand>
</PAMDataset>
