<PAMDataset>
  <Metadata>
    <MDI key="DataType">Generic</MDI>
  </Metadata>
  <PAMRasterBand band="1">
    <Histograms>
      <HistItem>
        <HistMin>-0.5</HistMin>
        <HistMax>14.5</HistMax>
        <BucketCount>15</BucketCount>
        <IncludeOutOfRange>1</IncludeOutOfRange>
        <Approximate>0</Approximate>
        <HistCounts>0|11819|57086|44710|4399|43886|24246|5424|26268|7486|5725|47606|4914|15765|4119</HistCounts>
      </HistItem>
    </Histograms>
    <GDALRasterAttributeTable>
      <FieldDefn index="0">
        <Name>Rowid</Name>
        <Type>0</Type>
        <Usage>0</Usage>
      </FieldDefn>
      <FieldDefn index="1">
        <Name>VALUE</Name>
        <Type>0</Type>
        <Usage>0</Usage>
      </FieldDefn>
      <FieldDefn index="2">
        <Name>COUNT</Name>
        <Type>0</Type>
        <Usage>0</Usage>
      </FieldDefn>
      <FieldDefn index="3">
        <Name>AGROECOLOG</Name>
        <Type>2</Type>
        <Usage>0</Usage>
      </FieldDefn>
      <Row index="0">
        <F>0</F>
        <F>1</F>
        <F>11819</F>
        <F></F>
      </Row>
      <Row index="1">
        <F>1</F>
        <F>2</F>
        <F>57086</F>
        <F>13. Arid pastoral-oases</F>
      </Row>
      <Row index="2">
        <F>2</F>
        <F>3</F>
        <F>44710</F>
        <F>12. Pastoral</F>
      </Row>
      <Row index="3">
        <F>3</F>
        <F>4</F>
        <F>4399</F>
        <F>1. Irrigated</F>
      </Row>
      <Row index="4">
        <F>4</F>
        <F>5</F>
        <F>43886</F>
        <F>11. Agro-pastoral</F>
      </Row>
      <Row index="5">
        <F>5</F>
        <F>6</F>
        <F>24246</F>
        <F>8. Cereal-root crop mixed</F>
      </Row>
      <Row index="6">
        <F>6</F>
        <F>7</F>
        <F>5424</F>
        <F>14. Artisanal fishing</F>
      </Row>
      <Row index="7">
        <F>7</F>
        <F>8</F>
        <F>26268</F>
        <F>7. Root and tuber crop</F>
      </Row>
      <Row index="8">
        <F>8</F>
        <F>9</F>
        <F>7486</F>
        <F>2. Humid lowland tree crop</F>
      </Row>
      <Row index="9">
        <F>9</F>
        <F>10</F>
        <F>5725</F>
        <F>6. Highland mixed</F>
      </Row>
      <Row index="10">
        <F>10</F>
        <F>11</F>
        <F>47606</F>
        <F>9. Maize mixed</F>
      </Row>
      <Row index="11">
        <F>11</F>
        <F>12</F>
        <F>4914</F>
        <F>5. Highland perennial</F>
      </Row>
      <Row index="12">
        <F>12</F>
        <F>13</F>
        <F>15765</F>
        <F>3. Forest based</F>
      </Row>
      <Row index="13">
        <F>13</F>
        <F>14</F>
        <F>4119</F>
        <F>16. Perennial mixed</F>
      </Row>
    </GDALRasterAttributeTable>
    <Metadata>
      <MDI key="STATISTICS_COVARIANCES">14.30244442634512</MDI>
      <MDI key="STATISTICS_EXCLUDEDVALUES"></MDI>
      <MDI key="STATISTICS_MAXIMUM">14</MDI>
      <MDI key="STATISTICS_MEAN">6.1314404537111</MDI>
      <MDI key="STATISTICS_MINIMUM">1</MDI>
      <MDI key="STATISTICS_SKIPFACTORX">1</MDI>
      <MDI key="STATISTICS_SKIPFACTORY">1</MDI>
      <MDI key="STATISTICS_STDDEV">3.7818572720748</MDI>
    </Metadata>
  </PAMRasterBand>
</PAMDataset>
