crop #,crop name,food-non-food?,,,,
1,wheat,food,,,,
2,rice,food,,,,
3,maize,food,,,,
4,barley,food,,,,
5,pearl millet,food,,,,
6,small millet,food,,,,
7,sorghum,food,,,,
8,other cereals,food,,,,
9,potato,food,,,,
10,sweet potato,food,,,,
11,yams,food,,,,
12,cassava,food,,,,
13,other roots,food,,,,
14,bean,food,,,,
15,chickpea,food,,,,
16,cowpea,food,,,,
17,pigeonpea,food,,,,
18,lentil,food,,,,
19,other pulses,food,,,,
20,soybean,food,,,,
21,groundnut,food,,,,
22,coconut,food,,,,
23,oilpalm,non-food,,,,
24,sunflower,non-food,,,,
25,rapeseed,non-food,,,,
26,sesameseed,non-food,,,,
27,other oil crops,non-food,,,,
28,sugarcane,non-food,,,,
29,sugarbeet,non-food,,,,
30,cotton,non-food,,,,
31,other fibre crops,non-food,,,,
32,arabica coffee,non-food,,,,
33,robusta coffee,non-food,,,,
34,cocoa,non-food,,,,
35,tea,non-food,,,,
36,tobacco,non-food,,,,
37,banana,food,,,,
38,plantain,food,,,,
39,tropical fruit,food,,,,
40,temperate fruit,food,,,,
41,vegetables,food,,,,
42,rest of crops,non-food,,,,
